State,PriorBirthsNowDeceased,TobaccoUse,PrePregnancyDiabetes,PrePregnancyHypertension,Births,AverageMotherAge,AverageBirthWeight,AveragePrePregnancyBMI,AverageNumberPrenatalVisits,AverageIntervalSinceLastBirth,id
Alabama,0,Yes,Yes,Yes,12,29.33,2494.5,36.2,12.08,63.1,1
Alabama,0,Yes,Yes,No,50,29.1,3138.08,32.83,10.73,58.06,2
Alabama,0,Yes,No,Yes,149,29.98,2796.95,33.35,10.19,62.3,3
Alabama,0,Yes,No,No,4454,26.87,3030.43,27.27,9.28,52.26,4
Alabama,0,No,Yes,Yes,160,32.08,2889.12,38.3,13.03,78.38,5
Alabama,0,No,Yes,No,467,29.46,3237.01,32.5,12.55,62.3,6
Alabama,0,No,No,Yes,1691,30.19,2918.69,34.58,11.51,64.97,7
Alabama,0,No,No,No,50834,27.36,3207.22,28.11,10.46,49.64,8
Alabama,0,Unknown,No,No,136,27.15,3071.48,28.04,9.31,55.79,9
Alabama,1,Yes,No,No,69,28.64,3142.12,27.51,9.86,43.23,10
Alabama,1,No,No,Yes,28,30.82,2589.75,37.42,11.82,47.93,11
Alabama,1,No,No,No,393,29.02,3047.97,30.02,10.61,44.98,12
Alabama,2,No,No,No,47,29.6,3106.74,28.75,10.98,57.33,13
Alabama,Unknown,No,No,No,69,28.28,3312.65,24.08,9.33,NA,14
Alaska,0,Yes,No,Yes,46,31.98,3085.93,36.58,12.58,70.06,15
Alaska,0,Yes,No,No,802,27.8,3235.27,27.27,9.84,53.45,16
Alaska,0,Yes,Unknown,Unknown,17,28.76,3164.71,27.29,3.67,53.38,17
Alaska,0,No,Yes,Yes,17,32.71,3079.94,43.85,12.8,45.7,18
Alaska,0,No,Yes,No,61,32.31,3510.98,34.28,13.96,52.57,19
Alaska,0,No,No,Yes,257,30.79,3205.08,32.96,13.41,53.5,20
Alaska,0,No,No,No,8035,28.69,3411.22,27.19,11.02,44.52,21
Alaska,0,No,Unknown,Unknown,50,28.54,3372.16,26.36,7.09,47.52,22
Alaska,0,Unknown,No,Yes,12,29.92,3123.33,32.38,14.58,64,23
Alaska,0,Unknown,No,No,224,28.47,3300.09,28.15,9.18,55.82,24
Alaska,1,Yes,No,No,26,30.73,3119.92,25.78,10.81,48.19,25
Alaska,1,No,No,No,102,29.59,3347.09,29.5,10.83,43.86,26
Alaska,2,No,No,No,12,29.83,3593.25,26.96,12.58,30.3,27
Alaska,Unknown,No,No,No,88,28.34,3594.76,25.31,11.56,39.44,28
Arizona,0,Yes,Yes,No,27,31.63,3006.93,32.73,7.12,81.05,29
Arizona,0,Yes,No,Yes,60,32.58,2781.25,30.72,10.09,69.8,30
Arizona,0,Yes,No,No,3373,28.28,3094.3,26.83,8.77,56.42,31
Arizona,0,No,Yes,Yes,102,33.69,3108.08,36.49,12.49,71.72,32
Arizona,0,No,Yes,No,724,30.82,3395.46,32.32,11.44,63.14,33
Arizona,0,No,No,Yes,1007,31.5,3068.02,33.68,11.73,65.84,34
Arizona,0,No,No,No,73188,28.39,3291.84,27.24,10.65,49.88,35
Arizona,0,Unknown,No,No,66,27.86,2876.89,27.11,5.18,61.47,36
Arizona,1,Yes,No,No,48,29.69,3008.15,26.06,8.68,47.33,37
Arizona,1,No,Yes,No,12,32.75,3429.36,30.72,15.33,63.73,38
Arizona,1,No,No,Yes,20,32.15,2927,35.2,14.45,60.55,39
Arizona,1,No,No,No,612,30.55,3185.65,29.06,10.12,48.94,40
Arizona,2,No,No,No,42,31.21,3193.29,29.71,10.83,53.44,41
Arizona,Unknown,No,No,No,34,28.41,3253.03,26.57,7.78,50.56,42
Arizona,Unknown,Unknown,No,No,12,28.42,2227.83,35.95,0,21,43
Arkansas,0,Yes,Yes,No,32,29.84,3401.38,33.02,13.31,47.26,44
Arkansas,0,Yes,No,Yes,144,30.41,2939.95,32.57,10.35,71.78,45
Arkansas,0,Yes,No,No,4000,26.66,3085.91,27.56,9.17,51.5,46
Arkansas,0,No,Yes,Yes,64,33.16,3249.73,38.99,14.19,96.95,47
Arkansas,0,No,Yes,No,228,29.57,3353.04,33.39,12.6,62.19,48
Arkansas,0,No,No,Yes,649,29.73,3032.65,35.99,12.18,63.98,49
Arkansas,0,No,No,No,30063,26.98,3252.62,28.21,10.76,48.31,50
Arkansas,0,Unknown,No,No,527,26.6,3027.55,28.46,9.46,51.88,51
Arkansas,1,Yes,No,No,142,28.75,3027.67,28.09,8.01,42.69,52
Arkansas,1,No,Yes,No,12,30.42,3135,31.51,13.25,69.75,53
Arkansas,1,No,No,Yes,12,32.33,3407.83,34.92,13.33,55.8,54
Arkansas,1,No,No,No,478,28.85,3122.47,30.2,10.65,46.69,55
Arkansas,1,Unknown,No,No,21,31.1,2431.29,26.57,8.05,39.93,56
Arkansas,2,Yes,No,No,23,28.65,2989.48,28.76,10.05,55.44,57
Arkansas,2,No,No,No,77,29.29,2890.71,28.61,10.75,42.77,58
Arkansas,3,No,No,No,18,30.5,3062.33,30.04,8.67,49.67,59
Arkansas,Unknown,No,No,No,14,27.64,3049.29,27.22,10.25,56,60
California,0,Yes,Yes,No,38,31.68,3403.18,33.99,9.63,48.73,61
California,0,Yes,No,Yes,99,32.13,2884.45,31.97,10.49,61.4,62
California,0,Yes,No,No,4651,29.09,3093.57,26.68,9.02,60.58,63
California,0,No,Yes,Yes,369,34.44,2989.44,35.69,15.63,74.74,64
California,0,No,Yes,No,2936,32.38,3338.31,31,14.25,65.34,65
California,0,No,No,Yes,4752,32.59,3045.06,32.69,13.37,68.22,66
California,0,No,No,No,426990,30.14,3287.98,26.77,11.91,54.44,67
California,0,No,Unknown,Unknown,309,33.44,3464.62,23.81,11.3,43.88,68
California,0,Unknown,Yes,No,16,31.5,3077.88,35.14,11.44,69.75,69
California,0,Unknown,No,Yes,25,31.16,3001.92,30.96,8.6,66.75,70
California,0,Unknown,No,No,1898,30.33,3156.83,26.6,10.12,56.13,71
California,0,Unknown,Unknown,Unknown,12,32.92,2966.58,31.34,4.5,24,72
California,1,Yes,No,No,108,30.38,3012.24,27.98,7.79,54.91,73
California,1,No,Yes,Yes,13,36.38,2975.46,33.5,14,88.46,74
California,1,No,Yes,No,47,32.64,3372.09,32.73,13.19,62.93,75
California,1,No,No,Yes,63,34.1,2684.52,33.83,12.86,54.76,76
California,1,No,No,No,3262,31.72,3163.47,28.48,12.3,53.98,77
California,1,Unknown,No,No,25,30.56,3194.16,29.75,7.71,66.25,78
California,2,Yes,No,No,15,31.27,3032.33,25.98,9.54,66.67,79
California,2,No,No,No,413,32.13,3214.57,28.38,13.01,55.87,80
California,2,Unknown,No,No,10,33.9,2930,27.86,7.5,57.33,81
California,3,No,No,No,93,32.63,3097.28,28.52,12,59.59,82
California,4,No,No,No,27,32.37,3144.33,26.97,12.96,46.96,83
California,5,No,No,No,11,31.91,3442.73,26.18,11.11,79,84
California,Unknown,No,No,No,91,32.37,3198.29,27.19,8.38,57.92,85
California,Unknown,Unknown,No,No,103,32.03,2906.66,26.03,2.42,56.5,86
California,Unknown,Unknown,Unknown,Unknown,10,30.5,2530,NA,0,NA,87
Colorado,0,Yes,Yes,No,27,29.78,2905.04,33.28,10.56,43.25,88
Colorado,0,Yes,No,Yes,60,30.4,2805.92,30.01,10.28,54.68,89
Colorado,0,Yes,No,No,3025,28.08,3000.15,26.86,9.59,58.1,90
Colorado,0,No,Yes,Yes,55,32.82,3168.89,34.28,13.19,66.68,91
Colorado,0,No,Yes,No,412,31.26,3260.29,30.83,11.61,53.81,92
Colorado,0,No,No,Yes,849,31.76,2915.65,32.33,12.22,57.55,93
Colorado,0,No,No,No,57516,29.65,3195.87,26.29,10.57,47.58,94
Colorado,0,Unknown,No,No,197,28.91,2952.45,27.57,6.31,53.11,95
Colorado,1,Yes,No,No,53,30.7,3028.77,25.06,9.21,60.74,96
Colorado,1,No,Yes,No,13,32.31,3277.38,35.86,13.31,53,97
Colorado,1,No,No,Yes,15,31.8,2607.4,35.91,14.07,57,98
Colorado,1,No,No,No,498,31.85,3117.22,27.51,11.03,48.22,99
Colorado,2,No,No,No,38,32.71,2992.24,28.26,14.79,55.56,100
Colorado,3,No,No,No,12,30.5,3139.42,27.58,11.25,41.1,101
Colorado,Unknown,No,No,No,37,30.54,3076.27,23.7,4.72,55.75,102
Colorado,Unknown,Unknown,No,No,11,29.18,3015.89,26.7,3.33,NA,103
Connecticut,0,Yes,Yes,No,11,32.36,3269.36,32.99,16.73,78,104
Connecticut,0,Yes,No,Yes,38,32.08,2955.53,33.04,13.76,80.8,105
Connecticut,0,Yes,No,No,1152,29.83,3055.36,28.02,11.43,69.28,106
Connecticut,0,No,Yes,Yes,63,34.08,2954.43,35.29,14.94,78.07,107
Connecticut,0,No,Yes,No,239,31.79,3330.44,32.53,14.54,59.75,108
Connecticut,0,No,No,Yes,791,32.23,3071.68,33.16,14.08,66.25,109
Connecticut,0,No,No,No,31514,30.59,3299.23,26.59,12.69,52.24,110
Connecticut,0,No,Unknown,Unknown,100,27.14,3212.85,26.17,7.91,45.17,111
Connecticut,0,Unknown,No,No,29,29.17,3052.52,27.4,10.82,58.64,112
Connecticut,1,Yes,No,No,24,30.5,3006.46,27.04,10.87,56.35,113
Connecticut,1,No,No,Yes,12,35.92,3133.08,38.91,10.08,53.73,114
Connecticut,1,No,No,No,211,32.3,3066.96,27.98,13.11,55.74,115
Connecticut,2,No,No,No,15,31.47,3006.07,29.79,15.47,42.15,116
Connecticut,Unknown,No,No,No,12,28.83,3555.67,29.64,11.67,59.25,117
Delaware,0,Yes,No,Yes,37,31.86,2820.49,34.32,8.73,66.73,118
Delaware,0,Yes,No,No,865,28.75,3016.36,27.1,9.07,59.54,119
Delaware,0,No,Yes,Yes,22,30.73,3304.86,36.64,12.33,65.73,120
Delaware,0,No,Yes,No,69,31.39,3268.38,32.54,11.25,79.75,121
Delaware,0,No,No,Yes,329,30.52,3039.29,34.65,10.38,64.42,122
Delaware,0,No,No,No,8980,29.08,3271.29,27.9,10.87,51.93,123
Delaware,0,Unknown,No,No,33,28.33,3054.68,27.01,9.52,50.12,124
Delaware,1,Yes,No,No,12,30.5,2794.25,32.15,8.92,39.9,125
Delaware,1,No,No,Yes,10,32.6,2451,37.77,9.7,106.33,126
Delaware,1,No,No,No,99,31.37,3010.1,28.44,9.99,51.61,127
Delaware,2,No,No,No,31,32.19,3270.87,30.05,11.58,52.89,128
Delaware,Unknown,No,No,No,21,27.71,2939.05,25.19,9.53,NA,129
District of Columbia,0,Yes,No,No,194,29.95,2864.95,27.56,6.89,64.14,130
District of Columbia,0,No,Yes,No,80,33.15,3319.42,31.09,12.04,65.7,131
District of Columbia,0,No,No,Yes,207,32.16,2957.27,32.53,10.3,68.14,132
District of Columbia,0,No,No,No,8315,31.08,3221.96,25.91,10.76,51.55,133
District of Columbia,0,Unknown,No,No,106,29.2,2904.14,27.93,6.76,63.03,134
District of Columbia,1,No,No,No,94,30.07,3056.17,29.46,9.68,45.33,135
District of Columbia,2,No,No,No,11,30.55,2662.27,28.66,7.1,82.44,136
District of Columbia,Unknown,No,No,No,10,29.2,3141.9,23.24,8.6,39.17,137
Florida,0,Yes,Yes,Yes,17,32.65,2154.12,33.61,9.31,73.82,138
Florida,0,Yes,Yes,No,75,30.01,3184.13,31.68,10.24,64.76,139
Florida,0,Yes,No,Yes,221,32.1,2828.09,32.02,8.23,70.46,140
Florida,0,Yes,No,No,8392,28.55,3038.57,26.61,8.65,57.42,141
Florida,0,Yes,Unknown,Unknown,38,29.37,2695.11,23.26,1.46,48,142
Florida,0,No,Yes,Yes,223,33.62,2974.89,35.57,10.96,75.09,143
Florida,0,No,Yes,No,1580,31.07,3231.2,31.62,11.33,65.92,144
Florida,0,No,No,Yes,3698,31.94,2959.19,33.29,10.66,68.59,145
Florida,0,No,No,No,201206,29.21,3249.81,26.85,10.77,54.15,146
Florida,0,No,Unknown,Unknown,219,29.79,3172.69,26.79,7.42,52.49,147
Florida,0,Unknown,No,Yes,11,29.18,3160.64,34.36,6.12,69.5,148
Florida,0,Unknown,No,No,489,28.89,3091.26,26.87,7.84,52.8,149
Florida,0,Unknown,Unknown,Unknown,14,29.29,2553,21.65,0,36.57,150
Florida,1,Yes,No,Yes,10,31.4,2310.1,34.94,7.5,89,151
Florida,1,Yes,No,No,156,29.93,2885.4,27.25,8.43,48.41,152
Florida,1,No,Yes,No,24,33.79,3470.67,35.67,13,78.5,153
Florida,1,No,No,Yes,53,33.04,2733.6,32.22,9.96,60.23,154
Florida,1,No,No,No,1717,30.42,3140.43,28.1,10.63,51.37,155
Florida,1,Unknown,No,No,11,30.27,2153.09,32.49,6.5,68.17,156
Florida,2,Yes,No,No,38,30.53,2785.11,28.78,7.88,47,157
Florida,2,No,No,No,315,31.29,3143.59,28.61,11.18,53.56,158
Florida,3,No,No,No,68,30.94,3121.88,28.81,11.33,49.32,159
Florida,4,No,No,No,39,30.74,3191.84,28.77,9.28,42.47,160
Florida,5,No,No,No,26,31,3305.54,28.81,10.12,64.5,161
Florida,6,No,No,No,23,29.39,3451.83,31.26,10.74,49.09,162
Florida,7,No,No,No,29,30.76,3242.55,28.26,11,57.72,163
Florida,8,No,No,No,27,29.44,3350.15,27.09,10.56,31.88,164
Florida,9,No,No,No,30,30.53,3173.83,27.49,9.96,46.52,165
Florida,Unknown,Yes,No,No,33,31.82,2695.24,26.18,6.1,73.75,166
Florida,Unknown,No,No,Yes,16,32.19,2645.19,29.26,13.7,109.25,167
Florida,Unknown,No,No,No,772,29.13,3248.89,26.42,9.18,58.13,168
Florida,Unknown,No,Unknown,Unknown,19,28.11,2729.33,25.91,4.29,NA,169
Florida,Unknown,Unknown,No,No,308,29.07,3256.15,26.01,11.29,47.02,170
Florida,Unknown,Unknown,Unknown,Unknown,16,28.56,2841.85,24.5,2,44,171
Georgia,0,Yes,Yes,Yes,14,32.64,2983,38.97,10.07,79.44,172
Georgia,0,Yes,Yes,No,51,30.71,3096.1,34.33,13.04,66.3,173
Georgia,0,Yes,No,Yes,192,30.45,2718.57,33.37,9.9,63.94,174
Georgia,0,Yes,No,No,4797,27.07,3035.64,27.43,9.93,54.14,175
Georgia,0,Yes,Unknown,Unknown,11,28.09,2740.64,26.84,3.45,41.5,176
Georgia,0,No,Yes,Yes,252,32.6,2922.76,38.33,13.04,68.74,177
Georgia,0,No,Yes,No,991,30.88,3206.11,32.34,12.83,60.74,178
Georgia,0,No,No,Yes,2429,30.87,2892.19,34.66,12.57,64.19,179
Georgia,0,No,No,No,112938,28.45,3210.68,27.51,11.54,51.41,180
Georgia,0,No,Unknown,Unknown,150,27.36,3149.24,26.94,8.17,49.52,181
Georgia,0,Unknown,No,No,1532,28.17,3176.17,27.76,9.69,51.54,182
Georgia,0,Unknown,Unknown,Unknown,10,24.8,3300.44,25.2,5.86,46.8,183
Georgia,1,Yes,No,No,106,29.92,2910.8,27.22,9.73,58.67,184
Georgia,1,No,Yes,No,21,34.29,2781.1,32.59,10,38.8,185
Georgia,1,No,No,Yes,57,31.46,2754,36.99,12.84,59.29,186
Georgia,1,No,No,No,1521,29.54,3051.47,29.16,11.08,50.25,187
Georgia,1,Unknown,No,No,18,27.22,3181.17,29.88,9.88,53.27,188
Georgia,2,Yes,No,No,19,31.05,2684.53,26.97,6.11,47.37,189
Georgia,2,No,No,No,343,30.92,3023.5,29.03,11.41,56.84,190
Georgia,3,No,No,No,103,31.37,3019.13,28.72,11.28,60.59,191
Georgia,4,No,No,No,43,31.65,3186.51,29.87,11.02,49.6,192
Georgia,5,No,No,No,15,33.13,3199.73,29.88,9.6,89.54,193
Georgia,6,No,No,No,17,33.65,3136.53,28.16,9.94,41.94,194
Georgia,7,No,No,No,10,29.4,3513.2,26.23,10.1,39.3,195
Georgia,Unknown,Yes,No,No,15,26.67,2863.93,26.29,5.17,NA,196
Georgia,Unknown,No,No,No,588,28.38,3247.11,24.68,10.09,NA,197
Georgia,Unknown,Unknown,No,No,17,28.06,2675.88,24.62,9,34,198
Georgia,Unknown,Unknown,Unknown,Unknown,16,30.38,3189.08,24.29,6.25,NA,199
Hawaii,0,Yes,No,No,342,29.09,3067.5,27.86,10.54,60.64,200
Hawaii,0,No,Yes,No,176,31.6,3237.91,31.72,10.42,55.01,201
Hawaii,0,No,No,Yes,204,31.49,3179.44,29.61,15.04,68.73,202
Hawaii,0,No,No,No,15568,29.64,3220.7,26.73,10.25,50.38,203
Hawaii,0,Unknown,No,No,390,29.31,3349.47,27.09,11.45,50.36,204
Hawaii,1,No,No,No,82,31.63,3094.72,27.78,11.97,42.76,205
Idaho,0,Yes,Yes,No,11,29.36,3188.91,31.6,12.27,57,206
Idaho,0,Yes,No,Yes,23,30.83,2705.52,33.29,10.35,78.19,207
Idaho,0,Yes,No,No,1556,26.56,3093.55,27.4,11,54.55,208
Idaho,0,No,Yes,Yes,18,32.33,3255.83,33.29,13.06,82.7,209
Idaho,0,No,Yes,No,121,29.1,3358.74,30.74,13.89,56.55,210
Idaho,0,No,No,Yes,226,31.41,3050.82,35.2,13.55,59.35,211
Idaho,0,No,No,No,19701,28.33,3314.49,26.87,11.8,44.55,212
Idaho,0,Unknown,No,No,58,28.28,3085.4,28.53,8.91,46.16,213
Idaho,1,Yes,No,No,40,28.77,3119.22,28.57,10.9,54.72,214
Idaho,1,No,No,No,197,31.11,3278.09,28.13,11.31,45.4,215
Idaho,2,No,No,No,19,31.21,3295.74,27.98,11.21,49,216
Idaho,Unknown,No,No,No,29,27.79,3138.69,27.22,7,49.2,217
Idaho,Unknown,Unknown,No,No,12,26,2771.92,22.7,10.43,15,218
Illinois,0,Yes,Yes,Yes,23,34.26,2695.87,40.19,10.14,144.67,219
Illinois,0,Yes,Yes,No,70,29.47,3024.14,33.22,12.43,64.17,220
Illinois,0,Yes,No,Yes,238,31.34,2848.21,34.64,10.97,75.35,221
Illinois,0,Yes,No,No,6829,28,3060.66,28.04,10.15,56.79,222
Illinois,0,Yes,Unknown,Unknown,12,26.58,3083.42,23.65,5.3,54.8,223
Illinois,0,No,Yes,Yes,218,33.2,3044.91,37.25,13.37,76.72,224
Illinois,0,No,Yes,No,1015,31.42,3330.68,32.14,13.3,62.96,225
Illinois,0,No,No,Yes,3101,32.23,2980.2,34.23,12.26,63.01,226
Illinois,0,No,No,No,126102,29.57,3277.82,27.41,11.49,49.64,227
Illinois,0,No,Unknown,Unknown,81,27.74,3144.12,26.65,9.69,52.63,228
Illinois,0,Unknown,No,Yes,19,31.05,2598.32,33.45,10.87,73.67,229
Illinois,0,Unknown,No,No,198,28.52,2964.47,28.52,9.27,55.21,230
Illinois,0,Unknown,Unknown,Unknown,12,26.08,3179.08,24.51,8.56,49.25,231
Illinois,1,Yes,No,Yes,13,32.85,2568.77,37.89,11.42,66.17,232
Illinois,1,Yes,No,No,171,29.33,2906.38,28.06,8.95,41.29,233
Illinois,1,No,Yes,No,25,31.6,2909.56,36.35,11.8,57.05,234
Illinois,1,No,No,Yes,81,33.81,2932.53,34.44,11.55,52.96,235
Illinois,1,No,No,No,1307,30.77,3094.76,29.17,11.15,47.21,236
Illinois,2,Yes,No,No,16,30.62,2717.19,32.57,10.25,46.69,237
Illinois,2,No,No,Yes,13,34.85,2968.77,36.17,8.69,56.85,238
Illinois,2,No,No,No,134,31.35,3129.35,28.55,10.69,49.04,239
Illinois,3,No,No,No,35,30.94,3256.8,29.56,12.31,54.32,240
Illinois,4,No,No,No,11,32.45,2813.09,30.79,10.64,54.33,241
Illinois,5,No,No,No,10,32.2,3145.6,31.94,13,60.22,242
Illinois,7,No,No,No,14,32.14,3163.71,26.71,11.71,45.23,243
Illinois,8,No,No,No,12,28.75,3414.75,30.15,10.25,53.91,244
Illinois,Unknown,Yes,No,No,22,27.95,3032.95,27.35,10.47,64.21,245
Illinois,Unknown,No,No,No,251,29.71,3238.82,27.99,10.76,49.49,246
Indiana,0,Yes,Yes,Yes,30,33.03,2339.1,36.37,12.43,94.85,247
Indiana,0,Yes,Yes,No,87,29.08,3050.02,31.77,12.75,61.93,248
Indiana,0,Yes,No,Yes,245,30.01,2777.85,33.86,10.97,68.78,249
Indiana,0,Yes,No,No,8890,26.76,3095.22,27.64,10.05,51.74,250
Indiana,0,No,Yes,Yes,130,32.62,3004.3,38.09,13.17,86.86,251
Indiana,0,No,Yes,No,624,30.01,3332.95,32.57,14.12,58.3,252
Indiana,0,No,No,Yes,1498,30.37,3003.58,35.25,12.74,56.84,253
Indiana,0,No,No,No,68398,28,3303.38,27.9,11.41,45.57,254
Indiana,0,Unknown,No,No,30,29.03,3079.28,26.7,8.21,48.38,255
Indiana,1,Yes,No,No,142,28.77,2911.72,27.45,9.04,48.52,256
Indiana,1,No,No,Yes,16,32.75,2917.38,34.25,10.38,67.14,257
Indiana,1,No,No,No,612,29.96,3171.8,28.87,10.96,47.31,258
Indiana,2,Yes,No,No,15,31.4,2766.93,26.92,11.27,51.54,259
Indiana,2,No,No,No,71,30.1,3177.45,28.56,11.1,47.56,260
Indiana,3,No,No,No,14,30.93,3117.86,28.09,10.64,43.77,261
Iowa,0,Yes,Yes,No,56,30.16,3205.14,33.77,13.16,68.88,262
Iowa,0,Yes,No,Yes,81,31.2,3023.86,34.93,11.83,65.07,263
Iowa,0,Yes,No,No,3879,27.09,3160.59,28.3,10.98,52.15,264
Iowa,0,No,Yes,Yes,70,32.73,3073.74,38.8,13.56,63.48,265
Iowa,0,No,Yes,No,316,30.13,3428.33,32.2,13.9,56.78,266
Iowa,0,No,No,Yes,655,31.77,3106.52,34.89,13.53,56.03,267
Iowa,0,No,No,No,31976,28.75,3366.66,27.42,11.89,44.34,268
Iowa,0,Unknown,No,No,36,27.47,3223.83,27.58,4.97,37.88,269
Iowa,1,Yes,No,No,77,29.81,3110.69,29.75,10.53,60.12,270
Iowa,1,No,No,Yes,14,30.64,2622,38.05,11.21,35.08,271
Iowa,1,No,No,No,379,30.76,3264.37,28.44,11.2,44,272
Iowa,2,Yes,No,No,11,27.36,3281.73,25.83,11.33,53.8,273
Iowa,2,No,No,No,39,30.51,3332.87,28.57,11.44,49.97,274
Iowa,Unknown,No,No,No,11,27.36,3163,25.36,9.4,23,275
Kansas,0,Yes,Yes,No,32,28.03,3177.84,33.32,9.88,51.2,276
Kansas,0,Yes,No,Yes,83,31.81,2808.13,33.62,9.65,67.63,277
Kansas,0,Yes,No,No,2796,27.17,3087.47,27.88,9.72,52,278
Kansas,0,No,Yes,Yes,39,32.31,3320.59,37.33,12,61.82,279
Kansas,0,No,Yes,No,232,29.74,3366.75,33.06,11.45,54.97,280
Kansas,0,No,No,Yes,635,30.94,3029.96,34.43,11.05,62.74,281
Kansas,0,No,No,No,31000,28.37,3314.59,27.33,11.13,45.73,282
Kansas,0,Unknown,No,No,103,28.42,3243.99,27.73,9.65,45.9,283
Kansas,1,Yes,No,No,57,28.84,3021.86,28.93,9.88,50.11,284
Kansas,1,No,Yes,No,10,30.7,2996.6,35.15,10.1,68,285
Kansas,1,No,No,No,301,30.12,3197.55,28.5,10.48,47.68,286
Kansas,2,Yes,No,No,11,31.09,3252.36,27.8,9.56,60.45,287
Kansas,2,No,No,No,40,30.68,3230.43,29.12,10.3,44.97,288
Kansas,3,No,No,No,15,29.8,3250.87,26.32,12.07,40.83,289
Kentucky,0,Yes,Yes,Yes,19,32.47,2932.47,39.4,13.22,60.64,290
Kentucky,0,Yes,Yes,No,75,28.39,3145.24,32.45,14.68,76.46,291
Kentucky,0,Yes,No,Yes,243,30.21,2819.09,33.23,11.85,69.03,292
Kentucky,0,Yes,No,No,7500,26.76,3054.88,27.09,10.77,51.32,293
Kentucky,0,Yes,Unknown,Unknown,44,27.23,2991.75,24.63,3.98,48.94,294
Kentucky,0,No,Yes,Yes,87,31.95,2990.15,38.25,14.58,68.69,295
Kentucky,0,No,Yes,No,360,29.14,3426.65,32.91,14.31,53.72,296
Kentucky,0,No,No,Yes,1184,29.84,3079.97,35.01,13.51,59.99,297
Kentucky,0,No,No,No,42362,27.56,3297.17,27.86,12,46.34,298
Kentucky,0,No,Unknown,Unknown,88,26.53,3370.91,28.18,8.78,36.95,299
Kentucky,0,Unknown,No,No,366,27.59,3227.45,27.63,11.16,56.17,300
Kentucky,0,Unknown,Unknown,Unknown,12,27.17,2719.08,29.6,6.6,42,301
Kentucky,1,Yes,No,No,152,29.39,2925.8,27.48,9.61,52.14,302
Kentucky,1,No,No,Yes,15,33.13,2593.07,30.27,14.4,49.93,303
Kentucky,1,No,No,No,433,29.29,3221.16,29.07,11.8,41.42,304
Kentucky,1,Unknown,No,No,11,30.82,3131.09,28.12,8.91,71,305
Kentucky,2,Yes,No,No,14,33.07,3004.36,24.96,11.15,81.64,306
Kentucky,2,No,No,No,44,30.48,3083.89,29.81,10.56,57.69,307
Kentucky,3,No,No,No,10,33.2,3349.9,25.53,11.4,58.22,308
Louisiana,0,Yes,Yes,Yes,13,33.46,3083.92,39.06,14.15,90.67,309
Louisiana,0,Yes,Yes,No,16,29.25,2820.75,32.53,9.5,77.7,310
Louisiana,0,Yes,No,Yes,158,31.78,2867.58,32.97,9.43,72.82,311
Louisiana,0,Yes,No,No,2701,27.47,2995.04,27.45,9.88,52.63,312
Louisiana,0,No,Yes,Yes,148,31.86,2877.45,39.43,13.39,67.8,313
Louisiana,0,No,Yes,No,412,30.25,3195.1,33.09,13.53,60.95,314
Louisiana,0,No,No,Yes,1930,30.55,2926.72,35.43,12.3,62.96,315
Louisiana,0,No,No,No,51745,27.52,3185.67,27.87,11.59,49.81,316
Louisiana,0,Unknown,Yes,No,11,27.73,3099.09,27.68,12.45,47.8,317
Louisiana,0,Unknown,No,Yes,39,31.97,2633.28,31.66,9.97,63.72,318
Louisiana,0,Unknown,No,No,573,28.1,2976.38,27.47,9.93,57.01,319
Louisiana,1,Yes,No,No,66,29.67,2865.94,27.21,9.73,48.95,320
Louisiana,1,No,Yes,No,13,30.31,3133.31,37.66,14.33,72.8,321
Louisiana,1,No,No,Yes,44,31.14,2682.45,35.01,12.75,67.79,322
Louisiana,1,No,No,No,708,29.12,3088.47,28.89,11.49,47.08,323
Louisiana,1,Unknown,No,No,18,27.44,2865.89,27.24,7.13,31.5,324
Louisiana,2,Yes,No,No,14,29,2847,28.46,10.14,67.1,325
Louisiana,2,No,No,Yes,10,34.5,2837.1,36.13,14.5,32.8,326
Louisiana,2,No,No,No,84,31.31,2849.79,28.34,11.67,60.61,327
Louisiana,3,No,No,No,20,31.3,2853.5,27.18,9.95,56.12,328
Louisiana,4,No,No,No,11,32.36,3062.45,29.88,11.45,55.8,329
Louisiana,Unknown,No,No,No,147,30.89,3162.71,26.78,11.17,41.79,330
Maine,0,Yes,No,Yes,33,31.09,2858,34.31,13.85,95.95,331
Maine,0,Yes,No,No,1335,27.87,3110.17,27.68,12.03,60.97,332
Maine,0,No,Yes,No,82,30.27,3526.05,33.22,15.64,51.65,333
Maine,0,No,No,Yes,316,30.75,3134.4,34.64,15.11,54.85,334
Maine,0,No,No,No,9848,29.51,3373.54,27.66,13.26,45.64,335
Maine,1,Yes,No,No,22,28.5,2813.45,28.82,14.05,74.73,336
Maine,1,No,No,No,81,31.64,3301.01,29.03,13.75,46.35,337
Maine,2,No,No,No,11,34.27,3256.82,28.17,15.4,39.8,338
Maine,Unknown,No,No,No,11,32.91,3229,25.97,8.1,35.6,339
Maryland,0,Yes,Yes,No,27,29.3,3003.04,31.91,12.62,68.25,340
Maryland,0,Yes,No,Yes,141,31.87,2701.33,32.69,9.56,78.05,341
Maryland,0,Yes,No,No,3041,28.64,3026.21,27.32,9.57,60.85,342
Maryland,0,No,Yes,Yes,139,34.2,3023.55,37.47,12.54,80.13,343
Maryland,0,No,Yes,No,471,32.2,3308.55,31.1,12.66,61.43,344
Maryland,0,No,No,Yes,1840,32.07,2893.42,32.2,11.61,65.81,345
Maryland,0,No,No,No,63087,30.06,3279.18,27,11.02,51.79,346
Maryland,0,No,Unknown,Unknown,29,31.52,2993.28,26.62,9.15,39.18,347
Maryland,0,Unknown,No,Yes,11,32.82,3052,29.77,11.7,73.56,348
Maryland,0,Unknown,No,No,364,28.92,3161.17,27.49,8.75,52.6,349
Maryland,1,Yes,No,No,47,30.7,2964.4,27.28,9.33,66.23,350
Maryland,1,No,No,Yes,35,34.49,2714.06,31.97,11.52,56.68,351
Maryland,1,No,No,No,569,31.62,3045.49,28.53,10.44,50.03,352
Maryland,2,No,No,No,48,31.58,3310.89,27.58,10.65,45.95,353
Maryland,Unknown,No,No,No,221,30.28,3216.54,28.42,10.26,52.33,354
Massachusetts,0,Yes,Yes,Yes,13,33.31,2605.15,32.22,12.83,70.75,355
Massachusetts,0,Yes,Yes,No,26,31,3193.96,32.83,14.12,81.83,356
Massachusetts,0,Yes,No,Yes,51,31.51,2886.94,30.94,11,91.51,357
Massachusetts,0,Yes,No,No,2569,29.14,3099.05,27.17,10.57,63.1,358
Massachusetts,0,No,Yes,Yes,73,34.07,3113.07,35.11,12.17,54,359
Massachusetts,0,No,Yes,No,525,32.27,3401.98,29.98,12.54,61.05,360
Massachusetts,0,No,No,Yes,1102,32.72,3036.23,32.67,12.34,63.71,361
Massachusetts,0,No,No,No,64014,31.13,3301.42,26.24,11.76,50.94,362
Massachusetts,0,Unknown,No,No,26,29.19,2869.54,29.46,11.43,66.62,363
Massachusetts,1,Yes,No,No,28,32.39,2845.93,30.47,9.21,50.12,364
Massachusetts,1,No,No,No,384,32.28,3154.45,28.54,11.76,52.54,365
Massachusetts,2,No,No,No,56,33,3032.96,28.21,13.07,52.55,366
Massachusetts,3,No,No,No,18,32.78,3372,26.33,12.18,49.31,367
Massachusetts,Unknown,No,No,No,26,31.69,3168.68,27.44,10,44,368
Massachusetts,Unknown,No,Unknown,Unknown,137,32.33,3137,NA,NA,NA,369
Michigan,0,Yes,Yes,Yes,24,31.79,2816.46,35.52,13.77,66.88,370
Michigan,0,Yes,Yes,No,88,29.3,2981.09,31.75,14.08,59.62,371
Michigan,0,Yes,No,Yes,266,31.47,2872.31,34.28,11.96,65.43,372
Michigan,0,Yes,No,No,10435,27.46,3096.05,28.01,11.37,54.83,373
Michigan,0,Yes,Unknown,Unknown,47,27.96,2817.72,26.5,5.55,55.64,374
Michigan,0,No,Yes,Yes,140,32.94,3065,39.03,15.1,62.92,375
Michigan,0,No,Yes,No,720,30.56,3273.07,32.91,15.16,58.18,376
Michigan,0,No,No,Yes,1760,31.22,3023.17,34.83,14.08,58.1,377
Michigan,0,No,No,No,91849,28.84,3292.76,27.61,12.56,45.72,378
Michigan,0,No,Unknown,Unknown,157,27.55,3306.55,27.74,9.21,39.86,379
Michigan,0,Unknown,No,Yes,31,33.97,2764.13,35.29,11.12,67.68,380
Michigan,0,Unknown,No,No,866,28.6,3098.19,27.46,12.44,50.25,381
Michigan,0,Unknown,Unknown,Unknown,13,25.62,2689.33,30.4,1.33,49.43,382
Michigan,1,Yes,No,Yes,13,31.54,2724.33,38.21,12.92,48.5,383
Michigan,1,Yes,No,No,205,28.88,2871.99,27.8,10.91,49.81,384
Michigan,1,No,Yes,No,16,33.19,2993.31,30.63,12,63.81,385
Michigan,1,No,No,Yes,41,32.2,2862.03,33.95,13.98,55.22,386
Michigan,1,No,No,No,880,30.27,3121.72,29.16,12.18,45.11,387
Michigan,1,Unknown,No,No,11,28.27,2656.27,32.46,9.88,29.78,388
Michigan,2,Yes,No,No,19,29.47,2715.58,26.9,8.32,47.56,389
Michigan,2,No,No,No,136,30.82,3092.78,29.57,11.64,47.54,390
Michigan,3,No,No,No,21,32.14,3126.05,28.56,10.95,55.68,391
Michigan,Unknown,No,No,No,49,29.63,3352.2,24.79,8.81,41.2,392
Michigan,Unknown,Unknown,No,No,17,26,2882.44,27.66,10,20.67,393
Michigan,Unknown,Unknown,Unknown,Unknown,14,29.29,2922.46,30.1,0.25,NA,394
Minnesota,0,Yes,Yes,Yes,12,32.67,2703.83,34.15,11.75,83.75,395
Minnesota,0,Yes,Yes,No,48,30.85,3079.65,32.19,11.56,76.64,396
Minnesota,0,Yes,No,Yes,118,31.57,2914.67,35.43,10.55,72.92,397
Minnesota,0,Yes,No,No,4409,28.02,3157.05,28.55,10.06,55.52,398
Minnesota,0,No,Yes,Yes,49,33.37,2952.73,34.6,13.82,89.37,399
Minnesota,0,No,Yes,No,519,31.38,3388.58,31.97,14.05,57.53,400
Minnesota,0,No,No,Yes,952,32.31,3095.4,33.85,12.9,55.52,401
Minnesota,0,No,No,No,58913,30.05,3361.15,27.21,11.56,43.07,402
Minnesota,0,No,Unknown,Unknown,22,28.23,3088.59,26.38,7.11,41.5,403
Minnesota,0,Unknown,No,No,76,28.22,3175.31,28.24,9.3,45.64,404
Minnesota,1,Yes,No,No,74,30.7,3115.05,29.46,8.72,51.79,405
Minnesota,1,No,No,Yes,19,34.32,3006.37,33.57,11.79,47.95,406
Minnesota,1,No,No,No,579,31.7,3309.97,29.35,11.23,44.15,407
Minnesota,2,No,No,No,61,32.34,3363.15,30.36,10.13,43.05,408
Minnesota,3,No,No,No,12,32.17,3184.25,32.56,8.82,36.83,409
Minnesota,Unknown,No,No,No,42,29.71,3373.39,23.65,5.49,27.91,410
Minnesota,Unknown,No,Unknown,Unknown,50,31.72,3323.74,19.6,2,19,411
Mississippi,0,Yes,Yes,No,22,30.27,3426,33.4,11.64,61.94,412
Mississippi,0,Yes,No,Yes,119,30.46,2733.08,32.66,10.95,71.81,413
Mississippi,0,Yes,No,No,2890,27.05,2963.53,27.74,10.36,53.73,414
Mississippi,0,No,Yes,Yes,76,31.55,3202.08,41.06,14.79,69.94,415
Mississippi,0,No,Yes,No,234,28.48,3339.76,33.74,13.47,55.05,416
Mississippi,0,No,No,Yes,1315,29.94,2914.2,35.74,13,63.04,417
Mississippi,0,No,No,No,31413,26.79,3156.36,28.64,11.72,50.46,418
Mississippi,0,Unknown,No,No,48,26.33,2940.81,26.46,8.84,39.35,419
Mississippi,1,Yes,No,No,73,30.4,2919.29,29.16,9.99,54.76,420
Mississippi,1,No,No,Yes,27,29.59,2645.81,32.58,14.74,46.24,421
Mississippi,1,No,No,No,340,28.38,2984.44,30.04,12.09,45.89,422
Mississippi,2,No,No,No,25,30.48,3025.44,32.24,11.44,41.58,423
Missouri,0,Yes,Yes,Yes,20,34.05,2988.2,35.08,10.45,72.77,424
Missouri,0,Yes,Yes,No,67,29.45,3080.06,33.56,12.22,58,425
Missouri,0,Yes,No,Yes,279,30.48,2826.05,32.01,9.51,68.51,426
Missouri,0,Yes,No,No,8529,27.07,3077.11,27.09,9.46,52.63,427
Missouri,0,No,Yes,Yes,152,32.36,2980.88,38.31,12.21,71.02,428
Missouri,0,No,Yes,No,488,29.42,3291.42,32.19,12.46,57.66,429
Missouri,0,No,No,Yes,1727,30.23,2975.37,34.06,11.42,55.29,430
Missouri,0,No,No,No,59061,28.27,3298.97,27.32,11.01,44.7,431
Missouri,0,Unknown,No,Yes,18,30.94,2598.17,37.15,8.39,76.31,432
Missouri,0,Unknown,No,No,522,27.77,3160.91,28.13,9.42,46.74,433
Missouri,1,Yes,No,No,181,29.67,2983.48,27.66,7.75,47.76,434
Missouri,1,No,No,Yes,43,31.84,2761.84,34.39,11.32,51.49,435
Missouri,1,No,No,No,664,30.28,3206.06,28.88,10.7,41.43,436
Missouri,1,Unknown,No,No,11,29.27,2887.2,25.31,6.38,68,437
Missouri,2,Yes,No,No,16,29.88,2559.06,29.2,8.81,57.9,438
Missouri,2,No,No,No,59,31.19,3207.22,29.39,11.37,45.2,439
Missouri,3,No,No,No,15,31,3126,29.76,11.47,50.45,440
Missouri,Unknown,Yes,No,No,34,29.35,2796.03,25.66,3.32,35.5,441
Missouri,Unknown,No,No,No,145,30.24,3146.24,27.52,9.54,56.07,442
Missouri,Unknown,Unknown,No,No,10,27.7,2930,23.5,4.71,91,443
Montana,0,Yes,No,Yes,17,31.76,3189.53,32.17,10.88,65.92,444
Montana,0,Yes,No,No,1386,27.1,3122.7,27.4,9.68,55.97,445
Montana,0,No,Yes,Yes,10,32.1,2601.9,46.31,11.9,49.4,446
Montana,0,No,Yes,No,83,29.07,3361.35,32.69,12.47,52.07,447
Montana,0,No,No,Yes,110,31.93,3116.75,34.28,12.02,60.16,448
Montana,0,No,No,No,9254,28.81,3308.54,26.71,11.22,43.34,449
Montana,1,Yes,No,No,32,29.91,3040.84,27.95,8.56,54.19,450
Montana,1,No,No,No,108,30.03,3281.06,28.13,11.7,44.32,451
Montana,2,No,No,No,21,29.48,3211.48,28.03,12.24,40.61,452
Nebraska,0,Yes,Yes,No,24,28.42,3329.88,32.59,13.08,45.59,453
Nebraska,0,Yes,No,Yes,55,30.87,2696.29,34.5,12.55,70.82,454
Nebraska,0,Yes,No,No,1945,27.52,3133.51,28.07,10.75,53.54,455
Nebraska,0,No,Yes,Yes,40,33.52,3036.9,40.67,12.1,68.33,456
Nebraska,0,No,Yes,No,217,31.01,3289.49,32.21,13.05,58.74,457
Nebraska,0,No,No,Yes,476,31.3,3026.77,34.29,13.83,50.9,458
Nebraska,0,No,No,No,21618,28.9,3322.96,26.89,11.54,45.58,459
Nebraska,0,No,Unknown,Unknown,21,27.05,3080.05,25.32,4.18,48.5,460
Nebraska,0,Unknown,No,No,19,29,2846.11,28.01,8.05,50.1,461
Nebraska,1,Yes,No,No,36,29.25,3109.75,27.59,10.44,51.55,462
Nebraska,1,No,No,No,195,30.94,3240.45,27.62,11.8,47.33,463
Nebraska,2,No,No,No,16,33.25,3104.38,27.02,12,46.87,464
Nebraska,Unknown,No,No,No,38,28.92,3230.34,27.04,11.15,69.5,465
Nevada,0,Yes,Yes,No,11,31.82,3094.64,31.58,9.55,61.09,466
Nevada,0,Yes,No,Yes,21,32.33,2838.14,33.33,10.75,76.29,467
Nevada,0,Yes,No,No,1165,28.6,3022.02,25.95,9.28,59.51,468
Nevada,0,No,Yes,Yes,43,33.84,2733.23,36.83,12.54,74.23,469
Nevada,0,No,Yes,No,347,31.57,3139.13,30.96,13.52,70.85,470
Nevada,0,No,No,Yes,414,32.25,2923.54,32.53,13.62,68.17,471
Nevada,0,No,No,No,32402,28.77,3223.94,26.87,11.44,53.08,472
Nevada,0,Unknown,No,No,375,28.53,3100.03,27.04,7.52,54.52,473
Nevada,1,Yes,No,No,16,33,2861.75,26.09,9.5,39.31,474
Nevada,1,No,No,No,212,30.81,3059.6,27.99,11.91,47.55,475
Nevada,Unknown,No,No,No,26,30.69,2803.88,25.64,7.42,71.22,476
New Hampshire,0,Yes,No,Yes,21,31.52,2948.33,33.96,14.33,81.33,477
New Hampshire,0,Yes,No,No,973,27.86,3143.81,27.42,11.61,60.08,478
New Hampshire,0,No,Yes,Yes,13,32.77,2983.38,37.2,15,64.71,479
New Hampshire,0,No,Yes,No,68,31.99,3394.49,32.76,15.68,55.14,480
New Hampshire,0,No,No,Yes,165,31.97,3149.09,33.42,14.67,53.84,481
New Hampshire,0,No,No,No,10358,30.16,3380.36,26.96,12.81,45.45,482
New Hampshire,0,No,Unknown,Unknown,30,28.5,3281.07,26.02,8.87,40.44,483
New Hampshire,0,Unknown,No,No,48,28.98,3236.5,25.31,12.91,62.1,484
New Hampshire,1,Yes,No,No,18,31.28,2813.22,29.64,11.28,53.18,485
New Hampshire,1,No,No,No,67,32.13,3320.1,27.77,13.55,46.43,486
New Hampshire,Unknown,No,No,No,28,29.32,3229.61,26.16,12.25,61.75,487
New Jersey,0,Yes,Yes,Yes,11,33.18,2822.82,33.37,10.09,120.5,488
New Jersey,0,Yes,Yes,No,31,32.06,3120.55,33.51,11.94,63.65,489
New Jersey,0,Yes,No,Yes,113,32.42,2680.43,30.89,8.81,63.34,490
New Jersey,0,Yes,No,No,2541,29.34,3053.07,27.4,8.68,62.53,491
New Jersey,0,No,Yes,Yes,101,35.36,2827.15,33.71,11.47,68.08,492
New Jersey,0,No,Yes,No,696,32.15,3289.37,30.55,11.68,65.24,493
New Jersey,0,No,No,Yes,1859,33.35,2980.24,32.23,10.83,66.8,494
New Jersey,0,No,No,No,92697,30.65,3270.54,26.38,10.76,51.6,495
New Jersey,0,Unknown,No,No,628,30.61,3236.4,25.7,5.81,46.83,496
New Jersey,1,Yes,No,No,38,30.5,2912.32,30.24,7.58,63.82,497
New Jersey,1,No,No,Yes,10,36.6,2972.6,32.6,11.8,79,498
New Jersey,1,No,No,No,583,32.04,3192.58,27.45,10.13,52.65,499
New Jersey,2,No,No,No,39,32.77,2787.62,27.68,8.55,80.94,500
New Jersey,3,No,No,No,10,31.6,3223,26.46,13.3,53.22,501
New Jersey,Unknown,No,No,No,79,32.1,3358.25,24.79,10.48,27,502
New Jersey,Unknown,Unknown,No,No,101,30.25,3210,NA,0,NA,503
New Mexico,0,Yes,Yes,No,13,33,3157.08,32.59,9.46,63.56,504
New Mexico,0,Yes,No,Yes,33,31.09,2860.55,29.79,8.06,88.1,505
New Mexico,0,Yes,No,No,1146,27.36,2955.69,26.54,7.97,56.33,506
New Mexico,0,No,Yes,Yes,62,30.39,2945.5,35.73,9.06,67.75,507
New Mexico,0,No,Yes,No,343,30.83,3220.27,31.88,10.92,62.71,508
New Mexico,0,No,No,Yes,469,29.69,2975.31,31.79,8.81,64.27,509
New Mexico,0,No,No,No,20519,27.71,3188.76,27.32,9.8,51.85,510
New Mexico,0,Unknown,No,No,74,28.76,3022.41,26.49,6.85,43.47,511
New Mexico,1,Yes,No,No,14,27.36,2913.86,25.33,6.86,36.31,512
New Mexico,1,No,No,Yes,10,34,2366.3,30.97,9.7,65,513
New Mexico,1,No,No,No,196,29.33,3193.42,28.02,10.14,45.73,514
New Mexico,2,No,No,No,15,29.4,3111.53,28.45,10,50.36,515
New Mexico,Unknown,No,No,No,27,29.26,3168.63,26.86,6.07,43.86,516
New York,0,Yes,Yes,Yes,40,32.92,2772.75,34.79,11.71,86.04,517
New York,0,Yes,Yes,No,87,29.7,3169.57,32.59,11.33,60.23,518
New York,0,Yes,No,Yes,257,31.11,2923.33,33.76,10.82,70.53,519
New York,0,Yes,No,No,8240,28.24,3117.16,28.28,10.42,57.75,520
New York,0,No,Yes,Yes,296,34.19,2967.84,35.54,12.98,76.89,521
New York,0,No,Yes,No,1572,31.95,3287.07,30.96,12.66,63.68,522
New York,0,No,No,Yes,4138,32.91,2946.37,33.05,11.78,67.1,523
New York,0,No,No,No,203652,30.36,3269.69,26.27,11.29,51.45,524
New York,0,No,Unknown,Unknown,158,28.96,3091.68,25.62,9.29,50.23,525
New York,0,Unknown,No,Yes,22,32.95,2820.5,39.72,10.16,79.5,526
New York,0,Unknown,No,No,288,28.08,2960.07,27.94,9.07,55,527
New York,1,Yes,No,Yes,11,35.45,2720.27,32.91,10.6,45.83,528
New York,1,Yes,No,No,143,29.29,2940.23,27.29,9.56,53.55,529
New York,1,No,Yes,Yes,11,38.18,2934.73,38.21,14,75.45,530
New York,1,No,Yes,No,40,34.33,3236.25,32.87,13.87,62.34,531
New York,1,No,No,Yes,64,34.8,2729.98,33.92,11.94,60.09,532
New York,1,No,No,No,1555,32.01,3138.46,27.8,10.52,49.68,533
New York,2,Yes,No,No,10,36.9,2233.33,29.76,7,68.11,534
New York,2,No,No,No,127,33.54,3079.24,27.59,10.65,45.39,535
New York,3,No,No,No,24,33.75,3164.62,25.83,10.22,66.15,536
New York,Unknown,Yes,No,No,20,30.85,2677.3,25.84,4.31,82.5,537
New York,Unknown,No,No,Yes,10,34.8,2666.5,30.1,8.86,41.2,538
New York,Unknown,No,No,No,394,30.05,3170.19,25.54,7.58,45.48,539
New York,Unknown,No,Unknown,Unknown,317,29.17,3387.25,28.97,6.29,48.25,540
North Carolina,0,Yes,Yes,Yes,25,33.04,2858.24,40.25,12.32,71.88,541
North Carolina,0,Yes,Yes,No,75,29.93,3057.61,32.06,15.32,53.53,542
North Carolina,0,Yes,No,Yes,258,31.66,2763.51,32.64,11.9,75.38,543
North Carolina,0,Yes,No,No,8445,27.66,3013.5,27.09,10.27,57,544
North Carolina,0,No,Yes,Yes,224,33.06,2877.73,36.35,16.08,75.3,545
North Carolina,0,No,Yes,No,1009,30.6,3299.47,32.37,14.88,61.94,546
North Carolina,0,No,No,Yes,2753,30.58,3013.24,34.31,13.83,61.77,547
North Carolina,0,No,No,No,104787,28.56,3264.35,27.31,12.29,51.24,548
North Carolina,0,Unknown,No,No,39,29.54,2959.95,26.98,8.32,29.25,549
North Carolina,1,Yes,No,No,147,29.29,2785.75,27.26,10.48,50.99,550
North Carolina,1,No,No,Yes,40,32.38,2769.07,35.42,14.13,49.73,551
North Carolina,1,No,No,No,740,30.74,3037.47,29.54,12.74,49.42,552
North Carolina,2,Yes,No,No,13,31.54,2738,29.54,7.92,43.82,553
North Carolina,2,No,No,No,62,31,2982.61,29.88,10.97,43.67,554
North Carolina,3,No,No,No,15,29.87,3117.87,26.26,10.67,63.29,555
North Carolina,Unknown,No,No,No,27,27.22,3227.96,27.8,11.67,NA,556
North Dakota,0,Yes,Yes,No,12,31.58,3171.58,35.24,9,82.33,557
North Dakota,0,Yes,No,Yes,15,30.53,2864.6,33.1,7.64,45.55,558
North Dakota,0,Yes,No,No,1042,27.43,3191.38,28.83,8.89,50.64,559
North Dakota,0,No,Yes,Yes,12,33.33,3273.25,37.31,13.25,31.29,560
North Dakota,0,No,Yes,No,70,29.71,3532.01,31.24,13.01,56.42,561
North Dakota,0,No,No,Yes,173,31.58,3074.75,34.62,11.76,49.53,562
North Dakota,0,No,No,No,8870,28.78,3352.03,27.83,10.71,41.71,563
North Dakota,0,Unknown,No,No,87,29.71,3146.52,28.55,9.14,43.28,564
North Dakota,1,Yes,No,No,19,28.74,3353.53,29.72,8.25,41.25,565
North Dakota,1,No,No,No,93,30.08,3211.05,28.2,11.07,41.77,566
North Dakota,2,No,No,No,19,30.95,3400.16,28.13,8.95,45.29,567
Ohio,0,Yes,Yes,Yes,43,32.16,2718.63,38.13,13.34,80.9,568
Ohio,0,Yes,Yes,No,145,28.14,3076.15,33.09,12.46,59.34,569
Ohio,0,Yes,No,Yes,563,30.13,2899.99,33.84,11.26,64.5,570
Ohio,0,Yes,No,No,14708,27.05,3050.37,27.14,10.11,52.87,571
Ohio,0,No,Yes,Yes,299,31.87,3132.82,38.92,14.58,67.31,572
Ohio,0,No,Yes,No,995,30.04,3276.34,32.71,14.37,57.81,573
Ohio,0,No,No,Yes,3663,30.57,3048.89,34.79,12.88,55.63,574
Ohio,0,No,No,No,111563,28.47,3292.82,27.37,11.74,44.47,575
Ohio,0,Unknown,No,No,127,28.27,2751.08,27.72,8.46,47.8,576
Ohio,1,Yes,No,No,299,29.35,2840.13,27.4,9,51.2,577
Ohio,1,No,Yes,No,19,31.84,3333.95,34.61,13.21,35.67,578
Ohio,1,No,No,Yes,61,31.26,2892.8,34.46,13.66,43.09,579
Ohio,1,No,No,No,1171,30.13,3161.86,28.76,11.26,41.98,580
Ohio,2,Yes,No,No,32,29.38,3026.75,27.25,9,58,581
Ohio,2,No,No,No,133,31.05,3207.6,29.16,11.11,49.66,582
Ohio,3,Yes,No,No,12,29.92,2814.92,29.3,9.33,55.45,583
Ohio,3,No,No,No,36,30.64,3210.72,26.81,11.2,49.94,584
Ohio,4,No,No,No,17,32.06,3316.53,26.6,10.18,60.12,585
Ohio,5,No,No,No,17,29.06,3379.35,26.36,9.59,31.59,586
Ohio,6,No,No,No,31,30.87,3392.06,27.34,11.03,41,587
Ohio,7,No,No,No,17,31.76,3263.65,25.46,10.59,46.88,588
Ohio,8,No,No,No,25,29.8,3226.24,27.5,9.28,60.3,589
Ohio,9,No,No,No,28,28.68,3300.36,28.55,11.21,55.42,590
Ohio,10,No,No,No,19,30.95,3220.95,26.71,10,40.37,591
Ohio,11,No,No,No,15,29.8,3354.6,26.32,11.87,41.79,592
Ohio,12,No,No,No,13,29.92,2948.92,25.37,10.46,45,593
Ohio,Unknown,Yes,No,No,41,27.46,2941.73,28.2,7.23,42.92,594
Ohio,Unknown,No,No,No,223,29.19,3175.66,27.4,10.49,44.59,595
Ohio,Unknown,Unknown,No,No,26,27.65,2142.89,20.25,0,31,596
Oklahoma,0,Yes,Yes,Yes,11,31.45,2876.73,35.07,9.64,55.86,597
Oklahoma,0,Yes,Yes,No,47,29.49,3016.94,34.2,9.72,62.03,598
Oklahoma,0,Yes,No,Yes,132,31.05,2888.11,33.78,10.5,69.9,599
Oklahoma,0,Yes,No,No,4413,26.56,3087.41,27.41,9.45,50.49,600
Oklahoma,0,No,Yes,Yes,94,31.52,3064.68,37.49,12.34,77.94,601
Oklahoma,0,No,Yes,No,391,30.19,3362.35,32.77,12.78,58.45,602
Oklahoma,0,No,No,Yes,1226,29.73,3054.67,33.8,11.86,57.54,603
Oklahoma,0,No,No,No,41967,27.38,3278.64,27.78,11.14,47.42,604
Oklahoma,0,Unknown,No,No,25,26.88,3160.64,29.76,9.71,54.2,605
Oklahoma,1,Yes,No,No,119,28.39,2988.86,27.25,7.8,41.93,606
Oklahoma,1,No,No,Yes,20,31.3,2786.65,33.29,12.35,67.56,607
Oklahoma,1,No,No,No,504,28.83,3200.47,28.98,10.56,43.52,608
Oklahoma,2,Yes,No,No,17,29.71,3095.76,25.44,9.41,61.4,609
Oklahoma,2,No,No,No,75,29.31,3236.96,27.92,10.45,47.45,610
Oklahoma,3,No,No,No,19,30.21,3301.21,29.26,12.84,63.12,611
Oklahoma,Unknown,No,No,No,30,29.7,2987.67,25.66,8.44,31.5,612
Oregon,0,Yes,Yes,No,34,31.09,3194.5,33.13,13.32,104.9,613
Oregon,0,Yes,No,Yes,85,30.88,2917.07,33.56,11.39,65.13,614
Oregon,0,Yes,No,No,2916,27.6,3163.22,27.14,10.42,58.56,615
Oregon,0,No,Yes,Yes,69,33.32,2926.87,36.59,15.36,65.05,616
Oregon,0,No,Yes,No,338,31.21,3325.44,32.22,14.38,64.51,617
Oregon,0,No,No,Yes,906,31.5,3145.14,34.48,13.67,60.74,618
Oregon,0,No,No,No,36834,29.63,3353.14,26.86,11.88,48.55,619
Oregon,0,Unknown,No,No,121,28,3264.71,27.32,10.03,48.24,620
Oregon,1,Yes,No,No,49,29.08,3076.69,26.29,9.71,50.39,621
Oregon,1,No,Yes,No,11,32.82,3508.82,33.95,14.82,51.7,622
Oregon,1,No,No,Yes,17,31.47,2443.53,31.69,13.41,42.64,623
Oregon,1,No,No,No,343,31.34,3277.89,28.51,12.33,49.65,624
Oregon,2,No,No,No,39,32.82,3360.64,29.94,12.28,46.29,625
Oregon,Unknown,Yes,No,No,10,25.8,3006.4,20.41,7.12,57.57,626
Oregon,Unknown,No,No,No,40,28.55,3361.15,28.3,12.06,44.39,627
Pennsylvania,0,Yes,Yes,Yes,24,33,2966.88,38.08,15.45,69.64,628
Pennsylvania,0,Yes,Yes,No,111,29.75,3190.2,32.56,13.38,70.25,629
Pennsylvania,0,Yes,No,Yes,297,31.37,2813.32,32.38,11.18,72.11,630
Pennsylvania,0,Yes,No,No,11695,27.9,3064.97,27.12,10.51,55.63,631
Pennsylvania,0,No,Yes,Yes,181,32.98,2996.51,37.11,13.49,75.07,632
Pennsylvania,0,No,Yes,No,851,30.28,3369.76,31.43,13.66,57.59,633
Pennsylvania,0,No,No,Yes,2431,31.09,3047.4,34.32,12.87,57.61,634
Pennsylvania,0,No,No,No,113906,29.4,3300.28,26.96,11.66,46.07,635
Pennsylvania,0,Unknown,Yes,No,23,29.83,3255.74,30.24,13.95,53.43,636
Pennsylvania,0,Unknown,No,Yes,70,30.56,2873.93,35.26,9.45,55.52,637
Pennsylvania,0,Unknown,No,No,2349,28.1,3144.19,27.63,10.1,52.57,638
Pennsylvania,1,Yes,No,No,189,29.97,2970.54,27.4,9.88,44.06,639
Pennsylvania,1,No,Yes,No,13,31.08,3103.77,34.57,12.5,40.3,640
Pennsylvania,1,No,No,Yes,38,31.92,2906.18,35.97,11.89,35.09,641
Pennsylvania,1,No,No,No,1018,30.85,3105.43,28.06,11.21,43.57,642
Pennsylvania,1,Unknown,No,No,40,30.85,2838.23,28.78,9.12,60.79,643
Pennsylvania,2,Yes,No,No,13,27.69,2326.77,28,9,36.88,644
Pennsylvania,2,No,No,No,119,33.05,3066.89,28.81,10.89,47.56,645
Pennsylvania,3,No,No,No,22,30.09,3436.86,28.73,8.61,34,646
Pennsylvania,Unknown,Yes,No,No,89,28.75,2948.1,25.33,7.13,54.83,647
Pennsylvania,Unknown,No,No,Yes,16,35.69,3039.38,30.22,9.07,64.71,648
Pennsylvania,Unknown,No,No,No,544,29.46,3265.57,27.1,10.19,44.56,649
Pennsylvania,Unknown,No,Unknown,Unknown,21,25.76,NA,NA,NA,NA,650
Pennsylvania,Unknown,Unknown,No,No,72,29.64,2887.49,25.53,5.37,34.73,651
Rhode Island,0,Yes,No,Yes,11,33.36,2851.18,34.8,13.12,99,652
Rhode Island,0,Yes,No,No,441,29.14,3108.98,26.99,12.05,66.1,653
Rhode Island,0,No,Yes,Yes,18,34.61,3017.44,36.46,16.64,74.14,654
Rhode Island,0,No,Yes,No,78,32.17,3371.28,30.79,15.38,63.59,655
Rhode Island,0,No,No,Yes,183,32.61,2997.49,33.09,14.29,68.51,656
Rhode Island,0,No,No,No,8937,29.75,3299.33,26.77,13.14,53.03,657
Rhode Island,0,No,Unknown,Unknown,11,29.45,2792.5,26.58,8.71,25.25,658
Rhode Island,0,Unknown,No,No,73,27.64,3192.89,27.26,12.49,58.66,659
Rhode Island,1,Yes,No,No,14,30.79,3097.29,28.92,16.12,63.58,660
Rhode Island,1,No,No,No,150,30.75,3048.17,28.33,12.99,55.03,661
Rhode Island,2,No,No,No,31,31.26,3123.5,28.49,13.2,70.96,662
Rhode Island,3,No,No,No,11,28.64,2879,27.83,11.5,48.75,663
Rhode Island,Unknown,No,No,No,127,30.07,3223.25,26.17,13.18,NA,664
Rhode Island,Unknown,Unknown,No,No,45,29.09,3101.16,32.88,10.45,54,665
South Carolina,0,Yes,Yes,Yes,18,33.61,3021.22,38.79,16.28,125.56,666
South Carolina,0,Yes,Yes,No,41,28.68,3043.05,33.12,14.76,77.5,667
South Carolina,0,Yes,No,Yes,161,30.8,2901.07,34.11,12.04,65.74,668
South Carolina,0,Yes,No,No,3912,27.26,3049.93,27.3,10.94,57.1,669
South Carolina,0,No,Yes,Yes,128,32.2,2892.48,37.36,14.23,73.64,670
South Carolina,0,No,Yes,No,463,30.52,3149.71,33.33,14.32,64.41,671
South Carolina,0,No,No,Yes,1684,30.78,2953.26,35.73,13.64,66.7,672
South Carolina,0,No,No,No,49696,28.17,3237.32,27.96,12.26,50.68,673
South Carolina,0,Unknown,No,No,437,28.74,3213.94,27.63,9.62,48.95,674
South Carolina,1,Yes,No,No,63,29.87,2753.87,26.45,10.81,47.07,675
South Carolina,1,No,No,Yes,25,31.64,2967.42,37.99,12.44,54.71,676
South Carolina,1,No,No,No,310,30.3,2978.7,30.11,12.36,45.37,677
South Carolina,2,No,No,No,18,30.33,2721.53,27.77,12.59,44.65,678
South Carolina,Unknown,No,No,No,24,25.08,2815.38,23.7,7.7,38.5,679
South Dakota,0,Yes,Yes,No,13,27.77,3946.62,32.7,10.08,54.67,680
South Dakota,0,Yes,No,Yes,16,32.19,3012.06,32.37,10.2,74.64,681
South Dakota,0,Yes,No,No,1161,27.3,3194.05,27.79,9.21,51.09,682
South Dakota,0,No,Yes,Yes,10,34.7,2991.3,39.19,10.6,74,683
South Dakota,0,No,Yes,No,78,29.95,3518.54,31.53,10.47,43.8,684
South Dakota,0,No,No,Yes,132,30.44,3067.74,33.55,11.29,51.9,685
South Dakota,0,No,No,No,9839,28.54,3339.16,26.93,10.77,42.38,686
South Dakota,0,Unknown,No,No,35,29.6,3050.97,26.75,7.76,45.08,687
South Dakota,1,Yes,No,No,32,30.12,3159.44,27.27,8.2,38.69,688
South Dakota,1,No,No,No,112,30.21,3375.32,26.96,9.64,41.31,689
Tennessee,0,Yes,Yes,Yes,34,33.79,2593.24,36.25,11.74,99.1,690
Tennessee,0,Yes,Yes,No,92,29.15,3128.24,31.14,12.37,70.67,691
Tennessee,0,Yes,No,Yes,333,29.88,2818.64,31.4,10.6,61.99,692
Tennessee,0,Yes,No,No,8582,26.89,3059.64,26.56,10.19,54.47,693
Tennessee,0,No,Yes,Yes,218,31.96,2893.97,36.85,13.51,73.11,694
Tennessee,0,No,Yes,No,721,29.73,3295.79,32.25,12.69,58.62,695
Tennessee,0,No,No,Yes,1929,29.93,3025.55,33.67,12.15,60.82,696
Tennessee,0,No,No,No,67327,27.93,3268.44,27.26,11.01,48.19,697
Tennessee,0,Unknown,No,No,219,27.06,3143.26,26.9,9.17,46.65,698
Tennessee,1,Yes,No,Yes,13,29.85,2389.23,30.7,10.23,56.09,699
Tennessee,1,Yes,No,No,139,29.78,2922.71,26.79,9.62,47.81,700
Tennessee,1,No,No,Yes,25,30.68,2536.4,34.03,10.83,40.55,701
Tennessee,1,No,No,No,524,29.98,3126.8,28.05,10.28,45.61,702
Tennessee,2,Yes,No,No,15,29.6,2841.13,22.28,8.29,50.2,703
Tennessee,2,No,No,No,44,31.23,2954.18,28.32,10.1,45.47,704
Tennessee,3,No,No,No,13,32.15,3251.46,27.37,8.92,58.67,705
Tennessee,Unknown,Yes,No,No,15,28.67,3208,26.55,4.08,36,706
Tennessee,Unknown,No,No,No,143,27.01,3224.74,26.91,5.33,54.83,707
Texas,0,Yes,Yes,Yes,14,33.29,3333.36,36.04,10.14,53.36,708
Texas,0,Yes,Yes,No,68,29.91,2962.6,32.91,10.81,80.88,709
Texas,0,Yes,No,Yes,207,31.27,2870.15,32.81,9.79,68.31,710
Texas,0,Yes,No,No,8651,27.42,3074.72,27.31,9.08,55.32,711
Texas,0,Yes,Unknown,Unknown,47,26.77,2807.06,23.97,1.49,59.88,712
Texas,0,No,Yes,Yes,440,33.1,3019.37,36.56,11.79,70.87,713
Texas,0,No,Yes,No,2553,31.08,3253.56,32.27,12.2,65.66,714
Texas,0,No,No,Yes,4640,31.26,2993.64,33.45,11.45,66.04,715
Texas,0,No,No,No,355448,28.31,3238.84,27.32,10.37,51.42,716
Texas,0,No,Unknown,Unknown,285,27.02,3050.93,27.03,5.15,47.32,717
Texas,0,Unknown,No,No,422,27.75,3172.03,27.23,8.84,50.88,718
Texas,0,Unknown,Unknown,Unknown,33,27.39,2452.19,24.27,1.39,32.6,719
Texas,1,Yes,No,No,173,28.91,2932.03,26.28,9.27,57.23,720
Texas,1,No,Yes,Yes,11,36.91,2693.36,40.3,9.55,52.89,721
Texas,1,No,Yes,No,42,31.36,2975.29,32.3,12.22,57.37,722
Texas,1,No,No,Yes,77,32.83,2855.26,34.02,11.03,59.4,723
Texas,1,No,No,No,3366,30.16,3113.12,28.44,10.3,50.59,724
Texas,1,Unknown,No,No,13,31.08,3207.62,29.07,8.36,66.73,725
Texas,2,Yes,No,No,16,29.75,2806.81,26.69,7.5,51.27,726
Texas,2,No,No,Yes,14,34.71,2457.07,33.56,12,86.08,727
Texas,2,No,No,No,568,31.13,3132.18,27.98,10.08,51.18,728
Texas,3,No,No,No,180,32.29,3154.49,28.49,9.84,47.08,729
Texas,4,No,No,No,64,32.95,3088.39,26.96,10.16,61.8,730
Texas,5,No,No,No,34,31.97,3269.18,27.72,9.87,56.27,731
Texas,6,No,No,No,11,32.91,3311,29.45,11.36,47.64,732
Texas,9,No,No,No,12,32.17,3351.25,25.15,10.17,45,733
Texas,10,No,No,No,17,28.82,3169.65,28.66,8.76,50.94,734
Texas,Unknown,No,No,No,52,28.17,3183.22,28.48,8.18,NA,735
Texas,Unknown,Unknown,Unknown,Unknown,14,30.07,2716.85,23.4,0,NA,736
Utah,0,Yes,No,Yes,28,31.29,2836.39,33.18,10.31,62.14,737
Utah,0,Yes,No,No,1144,27.63,2985.98,26.81,9.68,58.47,738
Utah,0,No,Yes,Yes,23,35,2942.35,37.24,11.65,60.64,739
Utah,0,No,Yes,No,291,29.9,3358.95,30.38,12.45,54.55,740
Utah,0,No,No,Yes,647,31.12,2963.83,33.89,12.03,56.71,741
Utah,0,No,No,No,44068,28.65,3264.44,26.15,11.15,42.84,742
Utah,0,Unknown,No,No,232,27.27,2999.56,27.21,8.94,48.5,743
Utah,1,Yes,No,No,20,30.1,2899.15,30.16,7.26,40.37,744
Utah,1,No,No,No,307,30.57,3138.79,28.29,11.35,39.2,745
Utah,2,No,No,No,12,33.92,3260,26.96,10.08,53.27,746
Utah,Unknown,No,No,No,12,29.58,3144.75,27.15,4.6,35.2,747
Vermont,0,Yes,No,Yes,20,30.85,3058.55,34.33,13.45,62.85,748
Vermont,0,Yes,No,No,649,27.7,3049.9,28,11.85,55.52,749
Vermont,0,No,Yes,No,40,31.52,3699.65,32.08,13.8,56.04,750
Vermont,0,No,No,Yes,117,32.67,3066.95,35.02,13.34,55.48,751
Vermont,0,No,No,No,4385,30.17,3395.08,26.91,12.73,45.54,752
Vermont,0,Unknown,No,No,74,27.23,3197.41,28.55,11.41,40.81,753
Vermont,1,Yes,No,No,16,29.12,3148.06,28.48,12.44,41.27,754
Vermont,1,No,No,No,25,31.96,3520.08,29.5,12.75,45.18,755
Virginia,0,Yes,Yes,Yes,16,33.5,2842.25,41.42,16.69,101.27,756
Virginia,0,Yes,Yes,No,63,30.1,3074.24,33.07,10.53,61.98,757
Virginia,0,Yes,No,Yes,195,30.45,2883.43,32.72,11.01,65.74,758
Virginia,0,Yes,No,No,4664,27.88,3063.54,27.63,10.35,57.31,759
Virginia,0,No,Yes,Yes,169,32.91,3004.18,37.54,13.82,64.8,760
Virginia,0,No,Yes,No,784,31.31,3283.57,32.02,13.53,65.67,761
Virginia,0,No,No,Yes,1864,30.99,3017.84,33.74,12.46,63.45,762
Virginia,0,No,No,No,88217,29.61,3284.94,27.19,11.63,50.27,763
Virginia,0,Unknown,No,No,44,26.82,3194.02,27.27,7.79,53.16,764
Virginia,1,Yes,No,No,123,29.8,2932.88,29.72,9.25,52.12,765
Virginia,1,No,Yes,No,22,32.23,3289.27,31.28,14.91,46.38,766
Virginia,1,No,No,Yes,41,33.2,2604.24,33.77,12.02,58.58,767
Virginia,1,No,No,No,878,30.53,3093.07,29.13,12.07,48.07,768
Virginia,2,Yes,No,No,15,28.8,2881.4,33.66,8.27,52.27,769
Virginia,2,No,No,No,129,32,3196.13,29.12,11.91,48.84,770
Virginia,3,No,No,No,30,33.2,2767.67,26.67,11.26,51.04,771
Virginia,Unknown,No,No,No,88,30.89,3513.72,24.86,10.29,37.06,772
Washington,0,Yes,Yes,No,36,31.22,3155.53,31.56,11.31,69.32,773
Washington,0,Yes,No,Yes,103,31.25,3020.05,33.99,11.59,59.1,774
Washington,0,Yes,No,No,4156,27.78,3149.49,27.34,9.41,57.58,775
Washington,0,No,Yes,Yes,106,33.83,3183.28,38.59,13.4,71.02,776
Washington,0,No,Yes,No,653,31.88,3351.36,31.24,13.74,62.17,777
Washington,0,No,No,Yes,1512,31.76,3068.02,33.04,12.25,60.42,778
Washington,0,No,No,No,74529,29.79,3355.63,26.68,11.04,47.33,779
Washington,0,No,Unknown,Unknown,16,25.75,3357.44,26.78,11.15,48.5,780
Washington,0,Unknown,Yes,No,10,31,3676.3,29.78,9.67,43.2,781
Washington,0,Unknown,No,Yes,38,30.71,2945.51,36.95,9.64,63.29,782
Washington,0,Unknown,No,No,1436,29.17,3271.42,27.4,9.64,53.32,783
Washington,1,Yes,No,No,65,29.54,3077.62,28.67,9,51.41,784
Washington,1,No,Yes,No,12,34.75,3285.25,34.12,15.4,57.25,785
Washington,1,No,No,Yes,22,31.59,2953.09,32.32,14.1,62.31,786
Washington,1,No,No,No,554,31.62,3255.8,28.35,11.11,46.92,787
Washington,1,Unknown,No,No,25,30,3176.88,29.82,7.38,42.82,788
Washington,2,No,No,No,75,32.53,3244.09,28.27,10.92,43.06,789
Washington,3,No,No,No,21,32.52,3392.14,25.96,13.12,42.92,790
Washington,Unknown,Yes,No,No,102,28.19,3014.71,25.23,6.55,52.89,791
Washington,Unknown,No,Yes,No,17,29.76,3564.24,26.15,13.5,54.2,792
Washington,Unknown,No,No,Yes,20,31.9,2997.1,30.64,10.46,41.7,793
Washington,Unknown,No,No,No,1180,30.09,3329.38,25.91,11.46,39.69,794
Washington,Unknown,Unknown,No,No,130,29.04,3254.46,24.49,9.26,49.67,795
West Virginia,0,Yes,Yes,Yes,17,31.18,2561.41,41.1,13.53,47,796
West Virginia,0,Yes,Yes,No,41,29.9,3105.29,32.56,13,68.21,797
West Virginia,0,Yes,No,Yes,116,29.55,2838.91,33.84,10.58,67.96,798
West Virginia,0,Yes,No,No,3867,26.71,3018.92,26.75,10.03,53.91,799
West Virginia,0,Yes,Unknown,Unknown,18,26.61,2819.06,24.55,6.72,31.55,800
West Virginia,0,No,Yes,Yes,42,32.12,3011.24,39.77,13.48,65.2,801
West Virginia,0,No,Yes,No,154,28.82,3333.88,34.85,14.41,56.62,802
West Virginia,0,No,No,Yes,440,29.9,3085.11,35.37,12.53,59.06,803
West Virginia,0,No,No,No,13075,27.18,3292.37,28.34,11.91,47,804
West Virginia,0,No,Unknown,Unknown,65,25.14,3117.46,26.12,10.08,47.43,805
West Virginia,0,Unknown,No,No,28,25.36,3048.89,28.81,12.56,34.6,806
West Virginia,1,Yes,No,No,72,28.61,2843.06,27.66,10.17,45.95,807
West Virginia,1,No,No,No,117,28.89,3074.56,29.69,12.07,46.8,808
West Virginia,Unknown,Yes,No,No,12,28.75,2519.83,23.73,4.25,24,809
West Virginia,Unknown,No,No,No,16,27.44,2950.56,28.39,9.64,53.86,810
Wisconsin,0,Yes,Yes,Yes,23,32.7,2929.48,38.24,12.91,93.94,811
Wisconsin,0,Yes,Yes,No,56,30.86,3348.91,32.6,12.74,57.51,812
Wisconsin,0,Yes,No,Yes,157,32.15,2666.19,33.49,10.35,78.13,813
Wisconsin,0,Yes,No,No,5146,28.14,3105.96,28.6,10.75,55.73,814
Wisconsin,0,Yes,Unknown,Unknown,24,28.67,2690.08,29.11,5.4,61.92,815
Wisconsin,0,No,Yes,Yes,121,33.73,2936.4,38.22,12.91,77,816
Wisconsin,0,No,Yes,No,517,30.83,3438.47,33.83,14.39,56.59,817
Wisconsin,0,No,No,Yes,1255,31.27,3038.51,35.03,12.91,55.36,818
Wisconsin,0,No,No,No,54310,29.22,3339.05,27.67,11.96,43.78,819
Wisconsin,0,No,Unknown,Unknown,170,29.69,3368.31,27.49,13.06,38.39,820
Wisconsin,0,Unknown,No,Yes,19,32.79,2577,31.84,11.35,74.33,821
Wisconsin,0,Unknown,No,No,440,28.04,3157.84,28.76,10.42,46.39,822
Wisconsin,1,Yes,No,Yes,10,34.9,2610.1,36.92,8.56,55.89,823
Wisconsin,1,Yes,No,No,117,29.85,3038.15,28.94,10.69,48.03,824
Wisconsin,1,No,Yes,Yes,10,35.8,2751.7,39.88,13.11,57.78,825
Wisconsin,1,No,Yes,No,11,32.18,3261.27,33.92,12.7,60.55,826
Wisconsin,1,No,No,Yes,26,33.46,2788.73,36.69,13.08,59.82,827
Wisconsin,1,No,No,No,569,30.79,3240.77,29.03,11.53,43.69,828
Wisconsin,2,No,No,No,50,31.3,3114.78,28.22,10.33,40.64,829
Wisconsin,3,No,No,No,10,33,3154.2,29.6,9.7,44.3,830
Wisconsin,Unknown,Yes,No,No,13,27,3001.77,28.06,11.31,74.25,831
Wisconsin,Unknown,No,No,No,155,28.44,3363.15,28.12,11.16,50.49,832
Wyoming,0,Yes,Yes,No,12,27.17,2722.08,34.49,11,18,833
Wyoming,0,Yes,No,Yes,11,30.64,3035.45,33.08,9.1,67.29,834
Wyoming,0,Yes,No,No,807,26.31,3021.05,26.45,9.97,51.15,835
Wyoming,0,No,Yes,No,38,30.74,3492.79,31.73,12.79,49.82,836
Wyoming,0,No,No,Yes,44,31.32,2921.82,33.93,11.57,53.03,837
Wyoming,0,No,No,No,5255,28.32,3188.77,26.46,10.66,44.47,838
Wyoming,0,Unknown,No,No,287,27.66,3135.41,26.76,10.02,47.33,839
Wyoming,1,Yes,No,No,20,26.8,2780.2,25.78,8.3,45.8,840
Wyoming,1,No,No,No,45,29.16,3020.36,27.4,10.32,42.55,841
Wyoming,2,No,No,No,10,31.8,3407.6,30.08,10.6,38,842
