rk,player,pos,age,tm,g,gs,mp,fg,fga,fgpercent,x3p,x3pa,x3ppercent,x2p,x2pa,x2ppercent,ft,fta,ftpercent,orb,drb,trb,ast,stl,blk,tov,pf,pts,x,ortg,drtg,link
1,Precious Achiuwa,PF-C,24,TOT,74,18,1624,7.2,14.4,0.501,0.8,3,0.268,6.4,11.4,0.562,2.1,3.4,0.616,5.9,9.1,14.9,3,1.4,2.1,2.5,4.4,17.3,NA,114,112,/players/a/achiupr01.html
2,Bam Adebayo,C,26,MIA,71,71,2416,10.9,21,0.521,0.3,0.9,0.357,10.6,20.1,0.528,6,8,0.755,3.3,11.9,15.2,5.7,1.7,1.4,3.3,3.3,28.2,NA,115,109,/players/a/adebaba01.html
3,Ochai Agbaji,SG,23,TOT,78,28,1641,5.2,12.7,0.411,1.8,6.2,0.294,3.4,6.5,0.523,1.1,1.6,0.661,2.2,4.2,6.4,2.4,1.4,1.3,1.9,3.4,13.4,NA,102,121,/players/a/agbajoc01.html
4,Santi Aldama,PF,23,MEM,61,35,1618,7.5,17.2,0.435,3.2,9.2,0.349,4.3,8,0.534,1.6,2.6,0.621,2.2,8.5,10.6,4.2,1.3,1.6,2.1,2.7,19.8,NA,109,114,/players/a/aldamsa01.html
5,Nickeil Alexander-Walker,SG,25,MIN,82,20,1921,6.1,13.8,0.439,3.4,8.6,0.391,2.7,5.2,0.517,1.3,1.7,0.8,0.9,3.4,4.3,5.2,1.6,1.1,2,3.7,16.9,NA,115,111,/players/a/alexani01.html
6,Grayson Allen,SG,28,PHO,75,74,2513,6.6,13.3,0.499,4,8.6,0.461,2.6,4.6,0.57,2.5,2.9,0.878,0.9,4.8,5.7,4.4,1.3,0.9,1.8,3.1,19.7,NA,130,117,/players/a/allengr01.html
7,Jarrett Allen,C,25,CLE,77,77,2442,10.5,16.6,0.634,0,0.1,0,10.5,16.4,0.638,4.7,6.4,0.742,4.9,11.5,16.4,4.2,1.1,1.6,2.4,3,25.7,NA,131,110,/players/a/allenja01.html
9,Jose Alvarado,PG,25,NOP,56,0,1028,6.8,16.5,0.412,3.7,9.9,0.377,3.1,6.6,0.464,1.7,2.5,0.673,1.2,4.9,6.1,5.6,2.8,0.7,1.9,4.2,18.9,NA,112,112,/players/a/alvarjo01.html
10,Kyle Anderson,PF,30,MIN,79,10,1782,5.5,12,0.46,0.3,1.3,0.229,5.2,10.7,0.488,2.7,3.8,0.708,1.7,5.9,7.6,9.2,2,1.3,2.5,3.6,14,NA,114,109,/players/a/anderky01.html
11,Giannis Antetokounmpo,PF,29,MIL,73,73,2567,15.7,25.6,0.611,0.6,2.3,0.274,15,23.3,0.645,9.6,14.6,0.657,3.7,12.1,15.7,8.9,1.6,1.5,4.7,3.9,41.6,NA,126,112,/players/a/antetgi01.html
12,Thanasis Antetokounmpo,PF,31,MIL,34,0,155,5,9.3,0.533,0,0.3,0,5,9,0.552,0,0.6,0,2.2,1.9,4,5.3,2.2,1.2,4.3,7.4,9.9,NA,92,117,/players/a/antetth01.html
13,Cole Anthony,PG,23,ORL,81,0,1817,9,20.8,0.435,2.5,7.5,0.338,6.5,13.3,0.49,4.9,5.9,0.826,1.7,6.7,8.5,6.4,1.7,1,3.4,4.8,25.5,NA,110,111,/players/a/anthoco01.html
14,OG Anunoby,SF,26,TOT,50,50,1702,8.2,16.7,0.489,3,7.7,0.382,5.2,9,0.581,1.9,2.6,0.753,1.4,4.7,6,3.1,2,1,2.3,3.4,21.2,NA,113,117,/players/a/anunoog01.html
16,Deni Avdija,SF,23,WAS,75,75,2257,8.4,16.6,0.506,1.8,4.9,0.374,6.6,11.8,0.56,4.2,5.7,0.74,1.7,9.4,11.2,5.9,1.2,0.7,3.3,3.8,22.8,NA,112,119,/players/a/avdijde01.html
17,Deandre Ayton,C,25,POR,55,55,1784,11.8,20.7,0.57,0,0.3,0.1,11.8,20.5,0.576,1.8,2.2,0.823,4.9,12,16.9,2.5,1.5,1.2,2.7,3,25.5,NA,115,114,/players/a/aytonde01.html
19,Ibou Badji,C,21,POR,22,1,226,3.1,4.8,0.636,0,0,NA,3.1,4.8,0.636,1.3,2.6,0.5,4.4,6.8,11.1,2.8,0.7,4.4,3.3,10,7.4,NA,104,115,/players/b/badjiib01.html
20,Marvin Bagley III,C,24,TOT,50,25,1053,10.8,18.4,0.586,0.4,1,0.391,10.3,17.3,0.597,4.3,5.7,0.762,5.8,8.2,14,2.5,0.9,1.5,2.7,3.6,26.2,NA,122,119,/players/b/baglema01.html
22,Patrick Baldwin Jr.,SF,21,WAS,38,7,493,5.6,14.7,0.381,2.9,9.2,0.32,2.7,5.5,0.483,1.8,2.7,0.679,1.6,10.1,11.7,2.8,1.7,1.4,1.8,5.3,15.9,NA,100,116,/players/b/baldwpa01.html
23,LaMelo Ball,PG,22,CHO,22,22,711,12.7,29.4,0.433,4.9,13.7,0.355,7.8,15.7,0.5,6.2,7.2,0.865,2,5.8,7.8,12.2,2.8,0.3,5.8,5.5,36.5,NA,110,118,/players/b/ballla01.html
24,Mo Bamba,C,25,PHI,57,17,740,6.5,13.2,0.49,1.7,4.3,0.391,4.8,8.9,0.537,2.3,3.3,0.68,5.1,10.7,15.8,2.7,1.5,4,2.6,6.7,16.8,NA,116,109,/players/b/bambamo01.html
25,Paolo Banchero,PF,21,ORL,80,80,2799,11.3,24.9,0.455,2.1,6.2,0.339,9.2,18.7,0.493,7.2,9.9,0.725,1.5,8.3,9.8,7.6,1.3,0.8,4.4,2.7,31.9,NA,109,112,/players/b/banchpa01.html
26,Desmond Bane,SG,25,MEM,42,42,1443,12.2,26.3,0.464,4.6,12.2,0.381,7.6,14.1,0.536,4.7,5.5,0.87,1.2,5,6.3,7.8,1.5,0.7,3.8,4.1,33.8,NA,114,116,/players/b/banede01.html
27,Dalano Banton,PG,24,TOT,54,9,1047,9.5,23.6,0.404,2.8,9.4,0.296,6.7,14.2,0.475,4.4,5.7,0.783,1.9,6.5,8.4,6,1.6,0.9,3.6,3,26.3,NA,103,117,/players/b/bantoda01.html
28,Dominick Barlow,PF,20,SAS,33,1,420,6.3,12.8,0.496,0.3,1,0.333,6,11.8,0.51,3.3,4.7,0.69,5.1,7.7,12.8,4.1,1.4,1.6,1,5.3,16.3,NA,125,116,/players/b/barlodo01.html
29,Harrison Barnes,PF,31,SAC,82,82,2381,7.1,14.9,0.474,3,7.9,0.387,4,7.1,0.571,3.2,4,0.801,1.4,3.7,5.1,2,1.1,0.2,1.2,2,20.4,NA,122,119,/players/b/barneha02.html
30,Scottie Barnes,SG,22,TOR,60,60,2094,10.3,21.7,0.475,2.3,6.8,0.341,8,14.9,0.536,4.5,5.8,0.781,3.3,8.1,11.4,8.4,1.7,2,3.8,2.7,27.5,NA,114,116,/players/b/barnesc01.html
31,RJ Barrett,SG,23,TOT,58,58,1838,11.7,23.5,0.495,2.4,6.7,0.36,9.3,16.8,0.549,5.6,7.8,0.715,1.4,7,8.4,5.2,0.8,0.6,3.4,3.5,31.3,NA,112,119,/players/b/barrerj01.html
32,Charles Bassey,C,23,SAS,19,0,205,6.7,9.3,0.725,0,0.2,0,6.7,9,0.744,1.2,1.4,0.833,5.3,12.3,17.6,4.9,1.9,3.9,3.5,7.2,14.6,NA,126,109,/players/b/bassech01.html
34,Keita Bates-Diop,SF,28,TOT,53,8,665,5.3,12.2,0.434,1.5,5.1,0.304,3.8,7.1,0.526,2.4,3.1,0.762,2.3,5.8,8.1,2.8,1.8,1.6,1.1,2.6,14.5,NA,116,114,/players/b/bateske01.html
35,Nicolas Batum,PF,35,TOT,60,38,1529,3.7,8.2,0.453,2.3,6,0.395,1.4,2.3,0.606,0.5,0.7,0.714,2.3,5.7,8,4.1,1.5,1.2,1.3,3.5,10.3,NA,126,115,/players/b/batumni01.html
36,Darius Bazley,PF,23,TOT,9,0,152,5.7,9.5,0.6,0.6,2.5,0.25,5.1,7,0.727,3.2,3.8,0.833,2.5,6.4,8.9,2.2,1.9,2.2,2.5,1,15.3,NA,121,118,/players/b/bazleda01.html
37,Bradley Beal,SG,30,PHO,53,53,1767,10.4,20.3,0.513,2.8,6.5,0.43,7.6,13.8,0.552,3,3.7,0.813,1.5,4.9,6.4,7.3,1.4,0.7,3.6,3.5,26.6,NA,117,117,/players/b/bealbr01.html
38,Malik Beasley,SG,27,MIL,79,77,2337,6.6,14.8,0.443,4.6,11.1,0.413,2,3.7,0.533,0.5,0.7,0.714,0.8,5.1,6,2.2,1.2,0.2,1.1,3.2,18.3,NA,117,118,/players/b/beaslma01.html
39,MarJon Beauchamp,SF,23,MIL,48,1,608,6.4,13.1,0.488,2.4,5.9,0.4,4,7.2,0.56,1.5,2.2,0.679,1.7,6.1,7.8,2.5,1,0.6,2.1,4.3,16.7,NA,111,118,/players/b/beaucma01.html
41,Dāvis Bertāns,PF,31,TOT,43,1,674,6.7,17.1,0.393,5.5,14.6,0.38,1.2,2.5,0.471,2.2,2.4,0.909,0.7,3.8,4.5,2.6,1.9,0.9,1.3,4.1,21.2,NA,114,120,/players/b/bertada01.html
42,Patrick Beverley,PG,35,TOT,73,13,1462,5.3,12.6,0.417,2,6,0.337,3.2,6.6,0.49,2.5,3,0.822,1.6,6.3,8,7.1,1.4,1,2.2,4.3,15,NA,116,115,/players/b/beverpa01.html
43,Saddiq Bey,SF,24,ATL,63,51,2062,6.7,16.2,0.416,2.6,8.3,0.316,4.1,7.9,0.522,4,4.7,0.837,3.9,5.7,9.6,2.1,1.2,0.3,1.3,2,20.1,NA,120,121,/players/b/beysa01.html
44,Goga Bitadze,C,24,ORL,62,33,957,6.5,10.8,0.603,0.1,0.7,0.143,6.4,10.1,0.636,2.9,4.5,0.655,5.6,9.2,14.8,4.1,1.7,3.7,2.3,5.5,16.1,NA,128,107,/players/b/bitadgo01.html
45,Onuralp Bitim,SG,24,CHI,23,1,268,6,15.6,0.381,2.2,8.2,0.273,3.7,7.4,0.5,0.7,0.9,0.8,1.1,4.8,6,2.4,0.6,0.4,1.9,4.5,14.9,NA,94,121,/players/b/bitimon01.html
46,Bismack Biyombo,C,31,TOT,40,27,791,4.6,8.1,0.565,0,0,NA,4.6,8.1,0.565,1.6,3.3,0.481,3.8,9.1,12.9,3.3,0.7,2.3,2.6,5.5,10.7,NA,108,114,/players/b/biyombi01.html
47,Anthony Black,PG,20,ORL,69,33,1164,4.9,10.5,0.466,1.6,4,0.394,3.3,6.5,0.51,2.1,3.4,0.613,1.4,4.5,5.9,3.9,1.5,0.9,2.4,4.7,13.4,NA,108,113,/players/b/blackan01.html
48,Leaky Black,SF,24,CHO,26,3,284,4.3,9,0.481,1.6,3.5,0.45,2.8,5.6,0.5,1.7,2.6,0.667,1.6,6.8,8.3,4.2,1.4,1.9,1,3.3,12,NA,124,119,/players/b/blackle01.html
50,Bogdan Bogdanović,SG,31,ATL,79,33,2401,9.4,22,0.428,4.8,12.8,0.374,4.6,9.2,0.503,3,3.3,0.921,1.1,4.4,5.4,4.9,1.9,0.5,2.2,3.6,26.6,NA,116,120,/players/b/bogdabo01.html
51,Bojan Bogdanović,SF-PF,34,TOT,57,27,1478,10.2,22.6,0.454,4.4,11.1,0.398,5.8,11.5,0.507,3.9,4.9,0.785,0.7,4.3,5,3.2,1,0.2,3.3,3.1,28.8,NA,108,120,/players/b/bogdabo02.html
52,Bol Bol,PF,24,PHO,43,0,469,9.7,15.7,0.616,2.3,5.4,0.423,7.4,10.3,0.717,1.6,2,0.789,3.3,10.9,14.3,1.8,1,2.6,2,4.4,23.2,NA,130,112,/players/b/bolbo01.html
54,Devin Booker,PG,27,PHO,68,68,2447,12.8,26,0.492,3,8.3,0.364,9.8,17.7,0.552,8.1,9.1,0.886,1.1,5,6.1,9.4,1.2,0.6,3.6,4.1,36.7,NA,124,117,/players/b/bookede01.html
55,Brandon Boston Jr.,SF,22,LAC,32,0,345,9.3,23,0.404,2,7.4,0.269,7.3,15.6,0.468,3.3,4.7,0.697,2.7,4.7,7.4,1.9,1.6,1.1,3.4,5.7,23.9,NA,93,117,/players/b/bostobr01.html
56,Chris Boucher,PF,31,TOR,50,0,705,7.5,14.9,0.507,2.1,6.4,0.33,5.4,8.4,0.642,4.9,6.3,0.772,4.2,9.9,14.2,1.6,1,1.6,1.9,4.7,22.1,NA,124,117,/players/b/bouchch01.html
59,Malaki Branham,PG,20,SAS,75,29,1594,8.1,18.7,0.432,2.8,8,0.347,5.3,10.7,0.494,1.6,1.9,0.873,0.8,3.6,4.4,4.6,0.8,0.2,2.7,2.8,20.5,NA,101,121,/players/b/branhma01.html
60,Christian Braun,SG,22,DEN,82,4,1655,6.6,14.5,0.46,1.9,4.9,0.384,4.8,9.6,0.498,2.8,4,0.694,2.4,6.8,9.2,4,1.3,1,1.6,4.1,18,NA,116,114,/players/b/braunch01.html
61,Mikal Bridges,SF,27,BRK,82,82,2854,9.8,22.5,0.436,3.8,10.3,0.372,6,12.2,0.49,4.5,5.5,0.814,1.2,5.3,6.5,5.2,1.4,0.5,2.8,2,27.9,NA,112,118,/players/b/bridgmi01.html
62,Miles Bridges,SF,25,CHO,69,67,2581,10.7,23.1,0.462,3,8.6,0.349,7.7,14.5,0.529,3.3,4,0.825,1.4,8.3,9.7,4.4,1.2,0.6,2.6,2.3,27.7,NA,108,120,/players/b/bridgmi02.html
63,Oshae Brissett,SF,25,BOS,55,1,630,5.3,12,0.444,1.2,4.3,0.273,4.2,7.7,0.541,3.9,6.5,0.602,4.8,7.8,12.5,3.5,1.5,0.6,1.6,4.2,15.8,NA,121,112,/players/b/brissos01.html
65,Malcolm Brogdon,PG,31,POR,39,25,1121,9.6,21.8,0.44,3.6,8.8,0.412,6,13.1,0.458,4.2,5.1,0.819,1.2,5.3,6.5,9.4,1.2,0.4,2.6,2.6,27,NA,120,120,/players/b/brogdma01.html
67,Dillon Brooks,SF,28,HOU,72,72,2227,7.2,16.7,0.428,2.9,8.1,0.359,4.3,8.7,0.492,2.7,3.2,0.844,1.2,4.2,5.4,2.6,1.4,0.2,1.9,5.2,19.9,NA,109,116,/players/b/brookdi01.html
68,Bruce Brown,PG-SG,27,TOT,67,44,1866,7.1,14.9,0.478,1.4,4.2,0.323,5.8,10.7,0.538,3,3.6,0.824,1.4,5.9,7.3,4.9,1.5,0.4,2.2,3.8,18.6,NA,113,120,/players/b/brownbr01.html
71,Jaylen Brown,SF,27,BOS,70,70,2343,13.2,26.5,0.499,3.1,8.6,0.354,10.2,17.8,0.57,4.4,6.3,0.703,1.8,6.4,8.2,5.3,1.8,0.8,3.5,3.9,34,NA,113,112,/players/b/brownja02.html
73,Kobe Brown,PF,24,LAC,44,0,394,4.6,11.3,0.411,1.8,6,0.292,2.9,5.3,0.548,0.1,0.3,0.5,2.5,5.3,7.8,3.1,1.5,0.8,1.1,6.1,11.2,NA,111,117,/players/b/brownko01.html
74,Moses Brown,C,24,POR,22,5,200,8.1,16,0.508,0,0,NA,8.1,16,0.508,2.2,7.7,0.29,9.1,12.1,21.2,1.7,1.2,1.7,2.7,6.7,18.5,NA,103,114,/players/b/brownmo01.html
75,Troy Brown Jr.,SF,24,TOT,59,15,827,5,13.3,0.372,2.8,8.3,0.333,2.2,5,0.435,1.9,2.2,0.865,1.5,7,8.5,3.5,1.4,0.2,1.8,2.5,14.6,NA,105,115,/players/b/browntr01.html
76,Jalen Brunson,PG,27,NYK,77,77,2726,14.6,30.5,0.479,3.9,9.7,0.401,10.7,20.8,0.516,7.8,9.2,0.847,0.8,4.3,5.1,9.6,1.3,0.2,3.4,2.7,40.9,NA,124,117,/players/b/brunsja01.html
77,Thomas Bryant,C,26,MIA,38,4,441,9.7,16.9,0.577,0.5,2.5,0.182,9.3,14.4,0.646,4.6,5.3,0.872,4.5,11.4,16,2.6,1.1,1.8,2.4,5.2,24.5,NA,125,109,/players/b/bryanth01.html
78,Kobe Bufkin,SG,20,ATL,17,0,196,8.3,22.5,0.37,2.2,9.8,0.225,6.1,12.7,0.481,1,2,0.5,1.5,6.6,8.1,6.6,1.7,1.2,2.4,4.9,19.8,NA,95,118,/players/b/bufkiko01.html
79,Reggie Bullock,SF,32,HOU,44,0,417,4,9.5,0.415,3.1,7.8,0.403,0.8,1.7,0.467,0.1,0.1,1,0.7,7.8,8.5,1.7,1.4,0.6,1.2,3.4,11.2,NA,112,114,/players/b/bullore01.html
80,Alec Burks,SG,32,TOT,66,1,1212,8.4,22.9,0.369,5,13.3,0.376,3.5,9.6,0.36,5.8,6.7,0.868,1,5.1,6,3.5,1.1,0.5,1.9,3,27.7,NA,111,120,/players/b/burksal01.html
81,Jared Butler,SG,23,WAS,40,0,566,8.1,16.6,0.488,2,6.4,0.308,6.1,10.2,0.602,2.6,3,0.861,0.7,4,4.8,10.4,2.4,0.7,4.1,4.8,20.7,NA,111,119,/players/b/butleja02.html
82,Jimmy Butler,PF,34,MIA,60,60,2042,9.7,19.4,0.499,1.5,3.5,0.414,8.2,15.8,0.519,9.6,11.2,0.858,2.6,5.2,7.8,7.3,1.9,0.4,2.5,1.7,30.4,NA,129,113,/players/b/butleji01.html
83,Jamal Cain,PF,24,MIA,26,1,259,6.5,15.2,0.43,2.1,6,0.355,4.4,9.2,0.479,3.5,4.4,0.783,2.9,4.2,7.1,1.9,1.9,1,1.5,4.2,18.7,NA,112,113,/players/c/cainja01.html
84,Kentavious Caldwell-Pope,SG,30,DEN,76,76,2402,5.6,12.1,0.46,2.6,6.4,0.406,3,5.8,0.52,2.1,2.3,0.894,0.6,3.1,3.8,3.8,2,0.9,1.5,3.1,15.8,NA,119,115,/players/c/caldwke01.html
85,Toumani Camara,PF,23,POR,70,49,1739,5.6,12.4,0.45,1.6,4.9,0.337,3.9,7.6,0.523,2.1,2.8,0.758,3.9,5.8,9.7,2.5,1.9,0.9,2.4,4.9,15,NA,110,117,/players/c/camarto01.html
86,Clint Capela,C,29,ATL,73,73,1883,9,15.7,0.571,0,0,0,9,15.7,0.572,3.3,5.2,0.631,8.5,11.2,19.8,2.3,1.1,2.7,1.9,4.2,21.3,NA,128,115,/players/c/capelca01.html
87,Jevon Carter,PG,28,CHI,72,0,1004,6.9,18.1,0.378,3.8,11.6,0.329,3,6.5,0.466,0.2,0.3,0.571,0.5,2.4,3,4.7,1.8,0.8,1.8,3.5,17.7,NA,101,119,/players/c/carteje01.html
88,Wendell Carter Jr.,C,24,ORL,55,48,1406,7.9,15,0.525,2.3,6,0.374,5.6,8.9,0.626,3.3,4.7,0.694,3.9,9.5,13.4,3.3,1.2,1,2.4,4.3,21.2,NA,122,111,/players/c/cartewe01.html
90,Alex Caruso,SG,29,CHI,71,57,2040,6.2,13.2,0.468,3.3,8.1,0.408,2.9,5.1,0.563,1.8,2.3,0.76,1.5,5.2,6.7,6,2.9,1.7,2.5,4.4,17.5,NA,119,113,/players/c/carusal01.html
93,Julian Champagnie,SF,22,SAS,74,59,1468,5.3,13,0.408,3.3,9,0.365,2,4,0.504,2.4,3,0.815,1.4,5.3,6.7,3.3,1.6,1.4,1.8,2.5,16.3,NA,111,117,/players/c/champju02.html
94,Justin Champagnie,SF,22,WAS,15,1,235,6.4,15.5,0.41,2.6,9,0.289,3.8,6.6,0.576,2.4,3,0.8,3.8,6.8,10.5,3.8,2,1.8,2,2.8,17.7,NA,110,117,/players/c/champju01.html
95,Max Christie,SG,20,LAL,67,7,944,5.2,12.1,0.427,2.1,5.9,0.356,3.1,6.2,0.496,1.8,2.3,0.783,0.8,6.4,7.2,3,1,0.9,1.8,2.9,14.3,NA,105,117,/players/c/chrisma02.html
98,Jordan Clarkson,SG,31,UTA,55,19,1682,9.7,23.4,0.413,2.6,8.9,0.294,7.1,14.5,0.485,5.1,5.8,0.881,1.4,4,5.4,7.9,1,0.2,4.2,2.3,27,NA,107,124,/players/c/clarkjo01.html
99,Nic Claxton,C,24,BRK,71,71,2116,8.6,13.6,0.629,0,0.1,0.2,8.5,13.5,0.633,2.5,4.6,0.551,4.5,12,16.5,3.4,1.1,3.4,2.2,4.1,19.7,NA,124,111,/players/c/claxtni01.html
100,Noah Clowney,PF,19,BRK,23,4,370,6.7,12.4,0.538,1.6,4.4,0.364,5.1,8,0.633,2.8,4,0.7,3.5,7.4,10.8,2.4,1.1,2.1,2,3.3,17.8,NA,122,115,/players/c/clownno01.html
101,Amir Coffey,SF,26,LAC,70,13,1460,5.6,11.9,0.472,2.4,6.2,0.38,3.2,5.7,0.571,2.1,2.4,0.859,1,4,5,2.6,1.4,0.5,1.1,3.4,15.7,NA,122,118,/players/c/coffeam01.html
102,John Collins,PF,26,UTA,68,66,1901,10.1,18.9,0.532,2.2,5.9,0.371,7.9,13,0.605,3.7,4.7,0.795,4,10.6,14.6,2,1,1.5,2.5,4.8,26.1,NA,121,118,/players/c/collijo01.html
103,Zach Collins,C,26,SAS,69,29,1526,9.3,19.2,0.484,1.8,5.6,0.32,7.5,13.5,0.552,3.8,5,0.753,3.7,7.8,11.5,6,1.1,1.6,4.1,6.4,24.1,NA,108,116,/players/c/colliza01.html
104,Mike Conley,PG,36,MIN,76,76,2193,6.6,14.5,0.457,4,9.1,0.442,2.6,5.4,0.481,2.3,2.5,0.911,0.8,4.1,4.9,10.1,2,0.4,2.3,2.9,19.6,NA,129,111,/players/c/conlemi01.html
105,Pat Connaughton,SF,31,MIL,76,3,1676,4.3,9.9,0.435,2.4,6.8,0.345,2,3.1,0.633,1.3,1.7,0.759,1.5,5.4,6.9,4.6,1.1,0.5,1.4,2.8,12.3,NA,120,118,/players/c/connapa01.html
106,Bilal Coulibaly,SF,19,WAS,63,15,1715,5.1,11.8,0.435,1.7,5,0.346,3.4,6.7,0.502,2.5,3.6,0.702,1.5,5.5,7,3,1.6,1.3,2.4,3.7,14.5,NA,103,120,/players/c/coulibi01.html
107,Ricky Council IV,SG,22,PHI,32,0,289,9.2,19.1,0.482,2,5.4,0.375,7.2,13.6,0.525,9,12.1,0.746,2.4,5.4,7.8,2.7,1.4,0.2,0.9,2.9,29.5,NA,129,117,/players/c/councri01.html
108,Robert Covington,SF-PF,33,TOT,29,6,488,4.3,9.9,0.439,1.9,5.6,0.339,2.4,4.2,0.571,2.2,2.6,0.846,3.1,6.7,9.8,2.4,3.9,1.8,1.1,5.6,12.8,NA,125,108,/players/c/covinro01.html
109,Torrey Craig,SF,33,CHI,53,14,1049,5.1,11.9,0.43,2.9,7.3,0.392,2.3,4.7,0.49,1.3,1.7,0.75,3.3,7,10.3,2.8,1.4,1,1.5,5.2,14.4,NA,119,117,/players/c/craigto01.html
110,Jae Crowder,PF,33,MIL,50,25,1156,4.7,11.2,0.422,2.4,6.9,0.349,2.3,4.3,0.538,1.1,1.5,0.722,1.3,5.4,6.7,2.7,1.6,0.4,1,3.1,13,NA,114,117,/players/c/crowdja01.html
112,Cade Cunningham,PG,22,DET,62,62,2074,12.2,27.1,0.449,2.8,7.8,0.355,9.4,19.3,0.487,5.5,6.4,0.869,0.8,5.5,6.2,10.8,1.3,0.5,4.9,3.5,32.6,NA,108,120,/players/c/cunnica01.html
113,Seth Curry,SG,33,TOT,44,4,616,6.3,16,0.392,3,8.5,0.352,3.3,7.5,0.438,2.2,2.4,0.903,1.4,3.9,5.3,3.5,1.7,0.5,1.6,3.1,17.7,NA,107,118,/players/c/curryse01.html
114,Stephen Curry,PG,35,GSW,74,74,2421,13,28.9,0.45,7.1,17.5,0.408,5.9,11.4,0.515,6,6.5,0.923,0.7,5.9,6.6,7.6,1.1,0.6,4.2,2.3,39.1,NA,119,117,/players/c/curryst01.html
115,Dyson Daniels,PG,20,NOP,61,16,1358,5,11.2,0.447,1.5,4.9,0.311,3.5,6.4,0.551,1.2,1.9,0.642,2.2,6.3,8.5,5.9,3.1,0.9,2.1,3.6,12.8,NA,113,110,/players/d/daniedy01.html
116,Anthony Davis,C,30,LAL,76,76,2700,12.6,22.6,0.556,0.5,1.9,0.271,12,20.7,0.582,7.4,9.1,0.816,4.2,12.7,16.9,4.7,1.6,3.1,2.8,3.1,33,NA,124,109,/players/d/davisan02.html
117,Johnny Davis,SG,21,WAS,50,6,613,4.7,11.7,0.403,1.1,3.1,0.35,3.7,8.7,0.421,1.1,1.8,0.583,1.4,4.1,5.5,2.4,1.4,0.8,1,4.3,11.6,NA,98,121,/players/d/davisjo06.html
120,DeMar DeRozan,SF,34,CHI,79,79,2989,10.8,22.6,0.48,1.3,3.8,0.333,9.6,18.8,0.509,8.7,10.2,0.853,0.7,5,5.7,7,1.5,0.8,2.3,2.7,31.6,NA,122,118,/players/d/derozde01.html
124,Gradey Dick,SG,20,TOR,60,17,1268,7.2,16.9,0.425,3.4,9.2,0.365,3.8,7.8,0.495,1.7,1.9,0.863,1,4,5,2.6,1.3,0.1,1.9,3.3,19.4,NA,105,122,/players/d/dickgr01.html
125,Ousmane Dieng,PF,20,OKC,33,0,365,6.5,15.3,0.422,2.8,9.2,0.3,3.7,6.1,0.609,1.8,2.1,0.875,1.3,5.4,6.7,4.9,1.1,0.7,2.5,2.9,17.5,NA,107,115,/players/d/diengou01.html
126,Spencer Dinwiddie,PG,30,TOT,76,52,2152,5.7,14.5,0.392,2.8,8.4,0.337,2.9,6.2,0.467,3.8,4.8,0.805,0.7,4,4.7,8.1,1.2,0.5,2.1,3.1,18.1,NA,117,119,/players/d/dinwisp01.html
127,Donte DiVincenzo,SG,27,NYK,81,63,2360,9.5,21.5,0.443,6,15.1,0.401,3.5,6.4,0.542,1.8,2.4,0.754,1.3,5,6.3,4.6,2.3,0.8,2.4,3.5,26.9,NA,120,113,/players/d/divindo01.html
128,Luka Dončić,PG,24,DAL,70,70,2624,14.7,30.2,0.487,5.2,13.6,0.382,9.5,16.6,0.573,8.7,11.1,0.786,1.1,10.8,11.8,12.5,1.8,0.7,5.2,2.7,43.3,NA,122,113,/players/d/doncilu01.html
129,Luguentz Dort,SF,24,OKC,79,79,2246,6.2,14.1,0.438,3.3,8.5,0.394,2.8,5.6,0.506,2.7,3.3,0.826,1.6,4.5,6.1,2.4,1.5,1,1.6,4.9,18.4,NA,117,114,/players/d/dortlu01.html
130,Ayo Dosunmu,SG,24,CHI,76,37,2212,8.1,16.2,0.501,2.7,6.6,0.403,5.4,9.6,0.568,1.9,2.4,0.81,1.2,3.7,4.9,5.5,1.5,0.8,2.3,3.7,20.8,NA,118,119,/players/d/dosunay01.html
133,Andre Drummond,C,30,CHI,79,10,1351,9.9,17.7,0.556,0,0.1,0,9.9,17.6,0.56,4.8,8,0.592,9.8,16.3,26.1,1.4,2.7,1.8,3,5.2,24.5,NA,119,107,/players/d/drumman01.html
134,Chris Duarte,SF,26,SAC,59,11,719,5.4,14.2,0.381,3,8.6,0.346,2.4,5.6,0.434,1.8,2.2,0.788,1.8,5.4,7.2,3,1.9,0.5,1.8,5.4,15.5,NA,106,116,/players/d/duartch01.html
136,Kris Dunn,PG,29,UTA,66,32,1249,5.7,12.1,0.47,1.6,4.3,0.369,4.1,7.8,0.525,0.8,1.2,0.688,1.9,5.4,7.3,9.8,2.6,1.1,3.1,5.2,13.8,NA,116,118,/players/d/dunnkr01.html
137,Kevin Durant,PF,35,PHO,75,75,2791,13.1,25.1,0.523,2.9,7.1,0.413,10.2,18,0.567,6.3,7.4,0.856,0.7,7.9,8.7,6.6,1.2,1.6,4.3,2.3,35.5,NA,118,114,/players/d/duranke01.html
138,Jalen Duren,C,20,DET,61,60,1777,9.4,15.3,0.619,0,0.1,0,9.4,15.2,0.623,3.9,4.9,0.79,5.2,14,19.2,4,0.9,1.3,3.5,5.2,22.8,NA,122,115,/players/d/durenja01.html
139,Tari Eason,PF,22,HOU,22,0,480,8.9,19.1,0.466,1.8,5.1,0.36,7.1,14,0.504,2.1,3.3,0.636,4.6,10.8,15.5,2.7,3.1,1.9,2,5.2,21.7,NA,111,106,/players/e/easonta01.html
140,Anthony Edwards,SG,22,MIN,79,78,2770,12.8,27.8,0.461,3.4,9.5,0.357,9.4,18.3,0.515,7.5,9,0.836,0.9,6.7,7.7,7.2,1.8,0.7,4.3,2.5,36.6,NA,112,110,/players/e/edwaran01.html
141,Kessler Edwards,SF,23,SAC,54,0,275,6,14.5,0.415,3.5,9.2,0.385,2.5,5.3,0.467,0.9,1.6,0.556,1.6,5.8,7.4,2.6,1.8,0.7,0.7,4.6,16.4,NA,115,115,/players/e/edwarke02.html
142,Keon Ellis,SG,24,SAC,57,21,978,5.3,11.5,0.461,3.5,8.3,0.417,1.8,3.2,0.578,1.3,1.7,0.743,1.6,4.6,6.2,4.2,2.5,1.4,1.8,5.6,15.4,NA,122,113,/players/e/elliske01.html
143,Joel Embiid,C,29,PHI,39,39,1309,16.9,32,0.529,2,5.2,0.388,14.9,26.8,0.556,15,17,0.883,3.6,12.6,16.2,8.2,1.7,2.5,5.6,4.2,50.9,NA,124,109,/players/e/embiijo01.html
144,Drew Eubanks,C,26,PHO,75,6,1169,6.3,10.6,0.601,0.1,0.1,1,6.2,10.4,0.596,3,3.9,0.774,4.3,9.1,13.4,2.6,1.1,2.5,2.5,4.8,15.8,NA,123,113,/players/e/eubandr01.html
145,Tosan Evbuomwan,SF,22,TOT,17,8,367,4.7,9.3,0.507,1.6,4.2,0.375,3.2,5.1,0.615,2.2,3.3,0.68,2.4,5.5,7.9,2.1,0.8,0.7,1.2,3,13.3,NA,123,120,/players/e/evbuoto01.html
146,Dante Exum,PG,28,DAL,55,17,1088,7.1,13.3,0.533,2.3,4.8,0.491,4.8,8.6,0.557,2.3,3,0.779,1.1,5.5,6.6,6.9,1,0.2,2.2,3.7,18.9,NA,128,118,/players/e/exumda01.html
147,Bruno Fernando,C,25,ATL,45,2,682,7.7,13.2,0.583,0,0.3,0,7.7,12.9,0.596,4.5,6.8,0.667,4.1,9.4,13.6,3.2,1.8,2,3.1,7.5,19.8,NA,118,116,/players/f/fernabr01.html
148,Dorian Finney-Smith,PF,30,BRK,68,56,1934,5.5,13.1,0.421,3,8.6,0.348,2.5,4.5,0.56,0.8,1.2,0.717,2.8,5.3,8.1,2.7,1.4,1,1.5,3.8,14.9,NA,113,117,/players/f/finnedo01.html
150,Malachi Flynn,PG,25,TOT,69,0,876,7.5,17.9,0.418,3.1,9.3,0.331,4.4,8.6,0.513,2.9,3.9,0.732,1.2,5.1,6.3,7.2,2.1,0.4,3.5,3.6,21,NA,105,119,/players/f/flynnma01.html
151,Simone Fontecchio,SF,28,TOT,66,43,1644,7.4,16.1,0.46,3.9,9.8,0.401,3.5,6.3,0.551,1.6,1.9,0.818,1.9,5.3,7.2,3,1.3,0.7,2,3.2,20.3,NA,117,121,/players/f/fontesi01.html
153,Trent Forrest,SG,25,ATL,38,0,414,3.9,10.4,0.378,0.2,1.2,0.2,3.7,9.3,0.4,1.5,2,0.765,1.3,4.6,5.9,10.7,1.3,0.3,2.3,2.9,9.6,NA,109,122,/players/f/forretr01.html
154,Evan Fournier,SG,31,TOT,32,0,580,6.6,18.4,0.357,2.7,10.8,0.254,3.8,7.6,0.505,2.4,3,0.806,0.4,4.4,4.8,4,2.4,0.6,1.7,4,18.3,NA,98,118,/players/f/fournev01.html
155,De'Aaron Fox,PG,26,SAC,74,74,2659,13.2,28.3,0.465,3.9,10.6,0.369,9.2,17.7,0.522,5.7,7.7,0.738,1.2,5,6.2,7.6,2.7,0.6,3.5,3.5,35.9,NA,113,114,/players/f/foxde01.html
156,Javon Freeman-Liberty,PG,24,TOR,22,6,403,6.6,14.9,0.444,1.2,5,0.238,5.4,9.8,0.549,4,4.3,0.917,1.9,6.5,8.4,4.8,1.2,0.5,3,3.4,18.3,NA,107,120,/players/f/freemja01.html
158,Markelle Fultz,PG,25,ORL,43,18,910,8.4,17.7,0.472,0.2,1,0.222,8.2,16.8,0.487,1.3,1.8,0.697,3,4.5,7.5,6.5,2.3,0.8,2.7,3.5,18.2,NA,106,112,/players/f/fultzma01.html
161,Daniel Gafford,C-PF,25,TOT,74,66,1815,9,12.5,0.725,0,0,NA,9,12.5,0.725,3.1,4.5,0.674,5.1,9.5,14.6,3,1.7,4,1.9,5.9,21.2,NA,140,112,/players/g/gaffoda01.html
162,Danilo Gallinari,PF-SF,35,TOT,49,0,630,6.2,14.3,0.437,2.3,7,0.323,4,7.3,0.546,6.3,7.4,0.857,1.5,6.6,8.1,4.1,1.1,0.5,1.7,3.8,21,NA,122,120,/players/g/gallida01.html
163,Darius Garland,PG,24,CLE,57,57,1901,9.7,21.9,0.446,3.4,9.3,0.371,6.3,12.6,0.501,3.8,4.5,0.834,0.8,3.2,4,9.7,1.9,0.2,4.6,2.5,26.7,NA,108,115,/players/g/garlada01.html
167,Keyonte George,PG,20,UTA,75,44,2023,7.6,19.4,0.391,3.5,10.5,0.334,4.1,8.9,0.459,4.5,5.3,0.848,0.4,4.7,5,7.9,0.9,0.2,4.5,2.2,23.2,NA,104,124,/players/g/georgke01.html
168,Paul George,PF,33,LAC,74,74,2502,11.5,24.4,0.471,4.8,11.6,0.413,6.7,12.8,0.523,5.2,5.7,0.907,0.7,6.9,7.7,5.2,2.2,0.7,3,4,33,NA,119,114,/players/g/georgpa01.html
169,Taj Gibson,PF,38,TOT,20,1,204,3.7,9.1,0.405,0.5,2.4,0.2,3.2,6.6,0.481,0.5,0.5,1,2.9,6.1,9.1,2.7,0.7,1.7,1.2,7.6,8.3,NA,105,116,/players/g/gibsota01.html
170,Josh Giddey,SG,21,OKC,80,80,2011,9.6,20.3,0.475,2,5.8,0.337,7.7,14.4,0.53,2.4,3,0.806,2.7,9.6,12.3,9.2,1.2,1.1,4,2.7,23.6,NA,111,112,/players/g/giddejo01.html
172,Shai Gilgeous-Alexander,PG,25,OKC,75,75,2553,15,28,0.535,1.8,5.1,0.353,13.2,22.9,0.576,10.7,12.2,0.874,1.2,6.6,7.8,8.8,2.8,1.3,3.1,3.5,42.4,NA,129,110,/players/g/gilgesh01.html
173,Anthony Gill,PF,31,WAS,50,3,466,7.5,16.1,0.469,1,4.1,0.244,6.5,11.9,0.546,2.9,3.6,0.806,3.7,5.7,9.4,3.4,1.3,1.1,2.3,4.8,19,NA,109,120,/players/g/gillan01.html
174,Collin Gillespie,PG,24,DEN,24,0,225,7,15.2,0.464,3.3,8.4,0.395,3.7,6.8,0.548,1.8,2.6,0.667,0.2,4.4,4.6,5.9,2.9,0,3.1,5.3,19.2,NA,109,113,/players/g/gilleco01.html
175,Jacob Gilyard,PG,25,TOT,41,14,699,4.2,10.5,0.4,3.6,8.8,0.405,0.6,1.7,0.375,0.1,0.1,1,0.6,2.6,3.2,9.6,2.3,0.3,2.1,2.7,12.1,NA,122,117,/players/g/gilyaja01.html
176,Rudy Gobert,C,31,MIN,76,76,2593,7.7,11.7,0.661,0,0.1,0,7.7,11.6,0.664,4.7,7.4,0.638,5.4,13.3,18.7,1.9,1,3.1,2.2,4.5,20.2,NA,131,104,/players/g/goberru01.html
177,Jordan Goodwin,PG,25,TOT,57,12,1055,6.5,17.7,0.369,1.9,6.5,0.298,4.6,11.2,0.411,2,2.7,0.746,4.1,7.6,11.7,7.2,2.2,0.8,2.6,3.5,17,NA,105,113,/players/g/goodwjo01.html
178,Aaron Gordon,PF,28,DEN,73,73,2297,8.6,15.5,0.556,0.9,3,0.29,7.7,12.5,0.619,3.8,5.8,0.658,3.8,6.4,10.2,5.6,1.2,1,2.3,3.1,21.9,NA,125,114,/players/g/gordoaa01.html
179,Eric Gordon,SG,35,PHO,68,24,1893,7.1,15.9,0.443,3.9,10.2,0.378,3.2,5.7,0.561,1.3,1.7,0.797,0.4,2.7,3.1,3.6,1.7,0.8,1.9,2,19.3,NA,112,117,/players/g/gordoer01.html
180,Devonte' Graham,PG,28,SAS,23,0,313,5.8,16.4,0.352,3.8,12.6,0.301,2,3.8,0.52,2,2.4,0.813,0.8,4.7,5.5,7.4,1.4,0.3,2.6,2.1,17.3,NA,104,119,/players/g/grahade01.html
181,Jerami Grant,PF,29,POR,54,54,1830,10.3,22.9,0.451,3,7.4,0.402,7.3,15.5,0.474,6.9,8.4,0.817,1,4.2,5.2,4.1,1.2,0.9,3.1,3.2,30.5,NA,113,120,/players/g/grantje01.html
183,A.J. Green,SG,24,MIL,56,0,614,6.5,15.3,0.423,5.4,13.2,0.408,1.1,2.1,0.519,1.3,1.5,0.895,0.7,4.3,5,2.3,0.7,0.3,0.9,3.8,19.7,NA,122,120,/players/g/greenaj01.html
185,Draymond Green,PF,33,GSW,55,52,1490,6,12.1,0.497,1.7,4.2,0.395,4.4,7.9,0.551,1.8,2.4,0.73,2.5,10.5,12.9,10.8,1.8,1.5,4.4,5.4,15.4,NA,116,112,/players/g/greendr01.html
186,Jalen Green,SG,21,HOU,82,82,2601,10.5,24.8,0.423,3.7,11.3,0.332,6.8,13.6,0.498,5.3,6.6,0.804,0.8,7.1,7.9,5.4,1.2,0.5,3.6,2.1,30,NA,107,115,/players/g/greenja05.html
187,Javonte Green,SF,30,CHI,9,5,230,9.8,16.3,0.6,2.2,5.9,0.37,7.6,10.4,0.729,2.2,2.8,0.769,4.3,10.2,14.5,1.1,2.2,1.7,1.5,4.1,23.8,NA,132,112,/players/g/greenja02.html
188,Jeff Green,PF,37,HOU,78,6,1307,6.2,13.6,0.456,2,5.9,0.331,4.2,7.6,0.553,4.5,5.5,0.819,1.7,4.9,6.6,2.6,0.6,1.2,1.7,3.7,18.9,NA,119,117,/players/g/greenje02.html
189,Josh Green,SG,23,DAL,57,33,1505,5.7,11.9,0.479,2.3,6,0.385,3.4,6,0.572,1.2,1.8,0.684,1.3,4.6,5.9,4.1,1.5,0.3,1.9,3.4,15,NA,115,117,/players/g/greenjo02.html
190,AJ Griffin,SF,20,ATL,20,0,171,5,17.4,0.29,2.8,10.9,0.256,2.2,6.5,0.348,0.6,0.6,1,0.6,4.5,5,1.4,0.3,0.6,2.2,1.7,13.5,NA,77,124,/players/g/griffaj01.html
191,Quentin Grimes,SG,23,TOT,51,18,1025,6,16,0.372,4,11.7,0.338,2,4.3,0.466,1.7,2.2,0.756,0.7,4.2,4.9,3.2,1.7,0.3,1.4,3.7,17.6,NA,109,116,/players/g/grimequ01.html
194,Rui Hachimura,PF,25,LAL,68,39,1826,9.5,17.6,0.537,2.6,6,0.422,6.9,11.6,0.597,2.6,3.5,0.739,1.5,6.1,7.7,2.1,1.1,0.7,1.2,2.6,24,NA,121,117,/players/h/hachiru01.html
195,Ashton Hagans,PG,24,POR,19,1,316,4.5,11.1,0.408,1.3,3.9,0.32,3.3,7.2,0.457,2.2,2.7,0.824,2.2,4.8,7,8.4,1.7,1.4,4.7,6.3,12.5,NA,99,117,/players/h/haganas01.html
196,Tyrese Haliburton,PG,23,IND,69,68,2224,10.6,22.2,0.477,4.1,11.3,0.364,6.5,10.9,0.595,4.1,4.8,0.855,0.7,5,5.7,16,1.8,1,3.4,1.6,29.5,NA,129,119,/players/h/halibty01.html
198,Tim Hardaway Jr.,SF,31,DAL,79,12,2120,8.9,22.1,0.402,4.8,13.5,0.353,4.1,8.6,0.478,3.3,3.8,0.852,0.5,5.3,5.7,3.1,1,0.1,1.6,2.4,25.8,NA,109,119,/players/h/hardati02.html
199,James Harden,PG,34,LAC,72,72,2470,7,16.4,0.428,3.7,9.8,0.381,3.3,6.7,0.497,6,6.9,0.878,0.7,6.7,7.4,12.3,1.5,1.1,3.7,2.5,23.8,NA,125,116,/players/h/hardeja01.html
200,Jaden Hardy,SG,21,DAL,73,7,989,9.5,23.2,0.407,3.9,10.9,0.362,5.5,12.4,0.447,2.9,3.7,0.776,1,5.4,6.4,5.3,1.1,0.2,3,3.9,25.7,NA,103,118,/players/h/hardyja02.html
202,Gary Harris,SG,29,ORL,54,27,1297,5,11.3,0.441,2.9,7.8,0.371,2.1,3.5,0.598,1.3,1.7,0.756,0.9,2.6,3.5,3.3,1.9,0.5,1.2,3.5,14.2,NA,120,114,/players/h/harriga01.html
203,Joe Harris,SG,32,DET,16,0,170,4,11,0.359,2.8,8.5,0.333,1.1,2.5,0.444,0.3,0.6,0.5,0.8,2.8,3.7,2.8,0.8,0.6,1.1,5.4,11,NA,102,122,/players/h/harrijo01.html
205,Tobias Harris,PF,31,PHI,70,70,2368,9.6,19.8,0.487,1.9,5.4,0.353,7.7,14.4,0.537,3.9,4.4,0.878,1.7,7.8,9.4,4.5,1.5,1,1.9,2.4,25,NA,118,114,/players/h/harrito02.html
207,Josh Hart,SF,28,NYK,81,42,2707,5.5,12.6,0.434,1.5,4.8,0.31,4,7.8,0.511,1.7,2.1,0.791,2.4,10.2,12.6,6.2,1.4,0.4,2.2,3.2,14.2,NA,115,113,/players/h/hartjo01.html
208,Isaiah Hartenstein,C,25,NYK,75,49,1896,6.2,9.7,0.644,0,0.1,0.333,6.2,9.6,0.646,3,4.2,0.707,6.5,10.2,16.6,5,2.3,2.3,2.5,5.6,15.5,NA,136,108,/players/h/harteis01.html
209,Sam Hauser,SF,26,BOS,79,13,1741,7.1,15.8,0.446,5.6,13.2,0.424,1.5,2.6,0.559,0.5,0.5,0.895,1.3,6.6,7.8,2.3,1.1,0.7,0.9,2.8,20.2,NA,126,114,/players/h/hausesa01.html
210,Jordan Hawkins,SG,21,NOP,67,10,1160,7.4,19.3,0.382,4.6,12.6,0.366,2.7,6.7,0.411,2.8,3.4,0.838,1.2,5,6.3,3,0.8,0.3,1.7,3,22.1,NA,109,117,/players/h/hawkijo01.html
211,Jaxson Hayes,C,23,LAL,70,5,877,6.8,9.5,0.72,0,0.4,0,6.8,9.1,0.754,2.8,4.4,0.622,3.7,7.7,11.4,1.8,1.8,1.6,2.3,6.7,16.4,NA,128,113,/players/h/hayesja02.html
212,Killian Hayes,PG,22,DET,42,31,1008,5.6,13.5,0.413,1.1,3.5,0.297,4.5,10,0.455,1.6,2.4,0.66,0.5,5.2,5.7,9.8,1.7,1,2.4,3.6,13.8,NA,106,119,/players/h/hayeski01.html
213,Gordon Hayward,SF,33,TOT,51,28,1245,7.3,15.8,0.464,1.5,3.5,0.411,5.9,12.3,0.479,3.5,4.7,0.742,1.5,5.6,7.1,6.2,1.6,0.5,2.6,2.6,19.6,NA,111,118,/players/h/haywago01.html
214,Scoot Henderson,PG,19,POR,62,32,1765,8.6,22.3,0.385,2.4,7.5,0.325,6.2,14.8,0.416,4.7,5.7,0.819,1.5,3.9,5.4,9.4,1.3,0.4,5.9,5.5,24.3,NA,97,120,/players/h/hendesc01.html
215,Taylor Hendricks,PF,20,UTA,40,23,856,6.1,13.5,0.45,3,7.9,0.379,3.1,5.6,0.55,1.3,1.6,0.793,2.6,7.8,10.4,1.8,1.6,1.7,1.5,4.3,16.5,NA,117,119,/players/h/hendrita01.html
216,Tyler Herro,SG,24,MIA,42,40,1407,11.5,26.1,0.441,4.7,11.8,0.396,6.8,14.3,0.478,3.4,3.9,0.856,0.7,7.2,7.9,6.7,1.1,0.1,3.3,2.2,31,NA,108,114,/players/h/herroty01.html
217,Buddy Hield,SF-SG,31,TOT,84,42,2160,8.2,18.9,0.436,4.9,12.6,0.386,3.4,6.3,0.539,1.2,1.3,0.881,1.4,4.6,6,5.2,1.6,0.9,2.3,3.8,22.5,NA,114,118,/players/h/hieldbu01.html
218,Haywood Highsmith,PF,27,MIA,66,26,1366,5.6,12,0.465,2.8,7,0.396,2.8,5,0.562,0.8,1.3,0.639,2.4,5.3,7.7,2.6,1.9,1.1,1.2,4.3,14.8,NA,118,112,/players/h/highsha01.html
221,Aaron Holiday,PG,27,HOU,78,1,1269,7.1,15.9,0.446,3.2,8.3,0.387,3.9,7.6,0.51,2.2,2.4,0.921,0.9,3.8,4.7,5.4,1.6,0.2,2,4.8,19.6,NA,117,116,/players/h/holidaa01.html
222,Jrue Holiday,PG,33,BOS,69,69,2263,7.2,15,0.48,3,7,0.429,4.2,8,0.526,1.3,1.6,0.833,1.8,6.3,8.1,7.3,1.3,1.2,2.7,2.4,18.8,NA,121,113,/players/h/holidjr01.html
223,Justin Holiday,SG,34,DEN,58,9,862,5.1,11.2,0.454,3.2,7.8,0.404,1.9,3.3,0.569,0.2,0.2,0.75,0.5,3.6,4.1,3.9,2.1,0.5,0.8,4,13.5,NA,124,115,/players/h/holidju01.html
224,Richaun Holmes,C-PF,30,TOT,40,10,555,7,12.5,0.558,0.1,0.3,0.333,6.9,12.3,0.563,2.9,4,0.723,6,9.5,15.5,2.1,0.9,1.6,2,6.3,16.9,NA,123,116,/players/h/holmeri01.html
225,Chet Holmgren,C,21,OKC,82,82,2413,10.1,19,0.53,2.6,7,0.37,7.5,12,0.623,4.3,5.5,0.793,2.6,10.3,12.9,4,1.1,3.8,2.6,3.9,27,NA,122,108,/players/h/holmgch01.html
227,Al Horford,C,37,BOS,65,33,1740,6.1,11.9,0.511,3.1,7.3,0.419,3,4.6,0.658,0.7,0.9,0.867,2.3,9.4,11.7,4.8,1.1,1.8,1.4,2.6,16,NA,135,111,/players/h/horfoal01.html
228,Talen Horton-Tucker,PG,23,UTA,51,11,1009,8.8,22.2,0.396,2.9,8.7,0.33,5.9,13.5,0.438,4.2,5.2,0.807,1,4.8,5.8,8.5,2.2,0.9,3.1,4.5,24.7,NA,108,120,/players/h/hortota01.html
229,Danuel House Jr.,SF,30,PHI,34,4,509,4.5,10.2,0.448,1.5,4.8,0.3,3.1,5.3,0.582,3.4,4.4,0.761,1.5,4.1,5.6,2.7,1.5,0.5,1.8,4.4,13.9,NA,114,117,/players/h/houseda01.html
230,Caleb Houstan,SF,21,ORL,59,13,815,4.9,12.5,0.388,4.4,11.7,0.373,0.5,0.8,0.615,1.3,1.6,0.808,1.7,3.4,5.1,1.8,0.9,0.2,1,3.7,15.4,NA,119,116,/players/h/houstca01.html
232,Kevin Huerter,SG,25,SAC,64,59,1562,7.7,17.4,0.443,3.8,10.6,0.361,3.9,6.8,0.571,1.1,1.5,0.766,1.2,5.8,7,5.2,1.4,0.7,1.6,4.2,20.4,NA,116,116,/players/h/huertke01.html
234,De'Andre Hunter,SF,26,ATL,57,37,1681,8.7,18.9,0.459,3.3,8.7,0.385,5.3,10.2,0.521,4.7,5.6,0.847,0.9,5.4,6.3,2.5,1.1,0.5,2.4,4.2,25.4,NA,115,121,/players/h/huntede01.html
236,Bones Hyland,PG,23,LAC,37,5,540,8.9,22.9,0.386,4,12.3,0.326,4.8,10.6,0.457,1.6,2.1,0.783,0.5,4.6,5,8.5,2.4,0.4,4,4.7,23.4,NA,100,116,/players/h/hylanbo01.html
237,Joe Ingles,SF,36,ORL,68,0,1169,4.2,9.6,0.436,3,6.8,0.435,1.2,2.8,0.439,1.2,1.4,0.824,0.8,5.3,6,8.6,1.8,0.2,2.8,3.7,12.5,NA,119,113,/players/i/inglejo01.html
238,Brandon Ingram,SF,26,NOP,64,64,2103,11.7,23.7,0.492,2,5.6,0.355,9.7,18.1,0.534,5.7,7.2,0.801,1,6.6,7.6,8.5,1.2,0.9,3.8,3.4,31.1,NA,115,114,/players/i/ingrabr01.html
239,Kyrie Irving,SG,31,DAL,58,58,2030,13.3,26.7,0.497,4.1,9.9,0.411,9.2,16.8,0.548,4.5,5,0.905,1,5.8,6.9,7.1,1.7,0.7,2.5,2.6,35.1,NA,122,116,/players/i/irvinky01.html
240,Jonathan Isaac,PF,26,ORL,58,2,914,7.9,15.5,0.51,2.3,6.1,0.375,5.6,9.4,0.598,3.2,4.4,0.72,4,10.1,14.1,1.6,2.3,3.8,1.5,3.5,21.3,NA,124,105,/players/i/isaacjo01.html
241,Jaden Ivey,SG,21,DET,77,61,2217,9,21.1,0.429,2.7,8,0.336,6.4,13.1,0.485,4.9,6.6,0.749,1.9,3.9,5.7,6.4,1.2,0.9,4.1,4.4,25.7,NA,104,121,/players/i/iveyja01.html
242,Andre Jackson Jr.,SG,22,MIL,57,8,572,4.2,8.4,0.5,1.4,3.9,0.37,2.8,4.5,0.611,0.7,0.9,0.727,3.6,5.9,9.5,4.2,1.3,0.5,2.4,7.7,10.5,NA,119,117,/players/j/jacksan01.html
243,GG Jackson II,PF,19,MEM,48,18,1233,9.6,22.3,0.428,4,11.3,0.357,5.5,11,0.502,4.6,6.1,0.752,2.1,5.7,7.8,2.3,1.1,1,2.6,2.5,27.7,NA,107,117,/players/j/jacksgg01.html
244,Isaiah Jackson,C,22,IND,59,3,771,9.5,14.3,0.665,0,0.2,0,9.5,14,0.677,4.5,6.2,0.716,5.8,8.8,14.6,3.1,2.1,3.7,2.4,8.4,23.4,NA,135,112,/players/j/jacksis01.html
245,Jaren Jackson Jr.,C,24,MEM,66,66,2124,11.9,26.7,0.444,2.7,8.4,0.32,9.2,18.3,0.501,7.8,9.6,0.808,2,6.4,8.4,3.5,1.8,2.4,3.7,5.4,34.2,NA,107,113,/players/j/jacksja02.html
248,Reggie Jackson,PG,33,DEN,82,23,1817,8.9,20.6,0.431,2.8,7.7,0.359,6.1,12.9,0.475,2.2,2.7,0.806,0.9,3.3,4.2,8.4,1.2,0.4,2.9,4.1,22.7,NA,109,117,/players/j/jacksre01.html
249,Trayce Jackson-Davis,PF,23,GSW,68,16,1130,10,14.2,0.702,0,0,0,10,14.2,0.704,3.2,5.7,0.561,5.8,8.8,14.6,3.5,1.2,3.3,2.1,4.6,23.1,NA,136,112,/players/j/jackstr02.html
250,LeBron James,PF,39,LAL,71,71,2504,13,24.1,0.54,2.8,6.9,0.41,10.2,17.2,0.592,5.8,7.7,0.75,1.2,8.7,9.8,11.2,1.7,0.7,4.7,1.5,34.6,NA,120,114,/players/j/jamesle01.html
251,Jaime Jaquez Jr.,SF,22,MIA,75,20,2113,8.1,16.5,0.489,1.5,4.8,0.322,6.5,11.7,0.558,3.4,4.1,0.811,1.9,4.8,6.7,4.6,1.8,0.5,2.6,3.9,21,NA,112,113,/players/j/jaqueja01.html
252,DeJon Jarreau,SG,26,MEM,9,0,150,5.5,16.3,0.34,1.3,4.2,0.308,4.2,12.1,0.351,1.6,3.6,0.455,2.6,11.7,14.3,8.5,2,0.7,2.9,4.6,14,NA,93,111,/players/j/jarrede01.html
254,Trey Jemison,C,24,TOT,25,14,573,6.4,11.6,0.551,0,0,NA,6.4,11.6,0.551,1.8,2.1,0.84,5.5,6,11.4,2.3,1,2.4,2.9,5.9,14.6,NA,111,115,/players/j/jemistr01.html
256,Isaiah Joe,SG,24,OKC,78,1,1445,7.4,16.1,0.458,4.9,11.7,0.416,2.5,4.4,0.568,1.5,1.7,0.865,1.1,4.9,6,3.3,1.5,0.7,1.6,2.9,21.2,NA,121,115,/players/j/joeis01.html
257,Cameron Johnson,PF,27,BRK,58,47,1599,8.5,19.2,0.446,4.3,10.9,0.391,4.3,8.2,0.519,2.7,3.4,0.789,1.7,6.1,7.8,4.3,1.5,0.5,1.8,3.3,24,NA,118,117,/players/j/johnsca02.html
258,Jalen Johnson,SF,22,ATL,56,52,1889,9.1,17.8,0.511,1.8,5.1,0.355,7.3,12.7,0.574,2.7,3.7,0.728,1.9,10.5,12.4,5.2,1.7,1.2,2.6,3.4,22.7,NA,117,116,/players/j/johnsja05.html
260,Keldon Johnson,SF,24,SAS,69,27,2038,9.1,20.1,0.454,3,8.5,0.346,6.1,11.5,0.533,4.1,5.1,0.792,2.2,6.6,8.8,4.5,1.2,0.5,2.3,3.5,25.2,NA,112,118,/players/j/johnske04.html
263,Nikola Jokić,C,28,DEN,79,79,2737,14.9,25.6,0.583,1.5,4.2,0.359,13.4,21.4,0.626,6.5,7.9,0.817,4,13.6,17.7,12.8,2,1.2,4.3,3.5,37.8,NA,131,108,/players/j/jokicni01.html
264,Colby Jones,SG,21,SAC,30,0,192,7.1,18,0.394,0.5,5.6,0.091,6.6,12.4,0.531,1.5,2.8,0.545,4.3,5.8,10.1,5.1,1.8,1.3,2.5,7.3,16.2,NA,97,115,/players/j/jonesco02.html
265,Damian Jones,C,28,CLE,39,0,270,7.9,13.2,0.597,0.5,2.6,0.214,7.3,10.6,0.69,3.3,3.8,0.857,3.7,7.7,11.3,2.7,1.3,2.4,2.4,4.9,19.6,NA,125,111,/players/j/jonesda03.html
266,Derrick Jones Jr.,SF,26,DAL,76,66,1783,6.4,13.3,0.483,2.2,6.4,0.343,4.2,6.9,0.613,2.6,3.7,0.713,2.2,4.5,6.7,2,1.4,1.4,1.7,3.3,17.7,NA,116,116,/players/j/jonesde02.html
267,Herbert Jones,SF,25,NOP,76,76,2321,6.2,12.4,0.498,2.4,5.8,0.418,3.8,6.7,0.568,2.9,3.3,0.867,1.6,4.2,5.7,4.2,2.2,1.3,2,4.7,17.7,NA,124,113,/players/j/joneshe01.html
269,Tre Jones,PG,24,SAS,77,48,2138,6.7,13.3,0.505,1.4,4.2,0.335,5.3,9.1,0.584,2.2,2.6,0.856,1.3,5.1,6.4,10.6,1.7,0.2,2.6,2,17.1,NA,123,118,/players/j/jonestr01.html
270,Tyus Jones,PG,27,WAS,66,66,1933,7.9,16.1,0.489,2.6,6.2,0.414,5.3,9.9,0.537,0.8,1,0.8,0.5,3.8,4.3,11.7,1.7,0.4,1.6,1.2,19.1,NA,126,121,/players/j/jonesty01.html
271,DeAndre Jordan,C,35,DEN,36,2,396,7.3,11.6,0.624,0,0,NA,7.3,11.6,0.624,3.3,6.6,0.491,6.8,12.9,19.7,3.3,0.8,2,2.9,7,17.8,NA,121,110,/players/j/jordade01.html
272,Cory Joseph,PG,32,GSW,26,0,296,3.8,10.5,0.359,2.1,6.9,0.31,1.6,3.6,0.455,0.7,1.1,0.571,1,3.9,4.9,6.9,0.7,0.5,2,4.1,10.3,NA,108,119,/players/j/josepco01.html
273,Nikola Jović,PF,20,MIA,46,38,896,7.1,15.6,0.452,3.6,9.1,0.399,3.5,6.6,0.525,1.8,2.6,0.702,1.4,9.3,10.7,5,1.4,0.8,2.3,4.6,19.6,NA,113,111,/players/j/jovicni01.html
274,Johnny Juzang,SG,22,UTA,20,5,372,6.6,14.3,0.464,4.2,10,0.416,2.5,4.3,0.576,1.3,1.8,0.714,0.9,3.8,4.7,3,0.5,0.3,1.7,3.8,18.7,NA,120,125,/players/j/juzanjo01.html
275,Luke Kennard,SG,27,MEM,39,22,999,6.9,15.4,0.448,5.2,11.6,0.45,1.7,3.8,0.442,2,2.2,0.889,0.5,5,5.5,6.7,1,0.1,2.6,1.9,21,NA,121,119,/players/k/kennalu01.html
276,Walker Kessler,C,22,UTA,64,22,1493,7.4,11.3,0.654,0.1,0.6,0.211,7.3,10.7,0.68,1.8,3,0.602,5.3,10.2,15.5,1.9,1,5,2.1,4.3,16.7,NA,128,114,/players/k/kesslwa01.html
278,Corey Kispert,SF,24,WAS,80,22,2067,8.7,18,0.486,4.2,10.9,0.383,4.6,7.1,0.643,2.6,3.6,0.726,0.7,4.4,5.1,3.5,0.9,0.4,2.2,3.2,24.2,NA,114,123,/players/k/kispeco01.html
279,Maxi Kleber,C,32,DAL,43,7,871,3.5,8,0.432,1.8,5.1,0.348,1.7,3,0.574,1.8,2.6,0.702,1.7,6.2,7.9,3.7,0.9,1.7,1.5,4.4,10.5,NA,118,116,/players/k/klebima01.html
280,Kevin Knox,SF,24,DET,31,11,560,7.4,16,0.462,2.7,8.1,0.33,4.7,7.9,0.598,1.7,1.9,0.909,1.5,4.9,6.4,2,1.1,0.6,1.9,4.3,19.2,NA,109,121,/players/k/knoxke01.html
281,John Konchar,SF,27,MEM,55,23,1173,3.7,8.7,0.423,1.6,5,0.317,2.1,3.7,0.568,0.9,1,0.84,3,7.7,10.7,4.6,2.1,2.1,1.9,3.2,9.8,NA,114,112,/players/k/konchjo01.html
282,Furkan Korkmaz,SG,26,PHI,35,0,300,4.9,12.5,0.395,2.3,6.6,0.35,2.6,5.9,0.444,2.3,3.3,0.7,0.7,4.3,4.9,4.1,2.3,0.5,1.6,2.8,14.4,NA,108,115,/players/k/korkmfu01.html
283,Luke Kornet,C,28,BOS,63,7,983,7.1,10.2,0.7,0.1,0.1,1,7.1,10.2,0.698,2.5,2.7,0.907,5.9,7.2,13.1,3.4,1.2,3.1,1.1,3.9,16.8,NA,157,110,/players/k/kornelu01.html
284,Vit Krejci,PG,23,ATL,22,14,541,4.5,9.2,0.49,2.5,6,0.412,2,3.2,0.639,0.4,0.5,0.833,1,3.6,4.6,4.4,1.2,0.5,1.8,4.3,12,NA,122,122,/players/k/krejcvi01.html
285,Jonathan Kuminga,PF,21,GSW,74,46,1949,11.3,21.4,0.529,1.3,4.1,0.321,10,17.3,0.578,5.5,7.4,0.746,2.3,6.5,8.8,4,1.4,0.9,3,4.2,29.5,NA,117,116,/players/k/kuminjo01.html
286,Kyle Kuzma,PF,28,WAS,70,70,2281,12.5,26.9,0.463,3.1,9.2,0.336,9.4,17.7,0.53,3.8,4.9,0.775,1.3,8.2,9.5,6.1,0.8,1,3.9,3.1,31.8,NA,103,120,/players/k/kuzmaky01.html
287,Jock Landale,C,28,HOU,56,3,763,6.7,13.1,0.515,0.6,2.5,0.25,6.1,10.6,0.578,3.3,4.1,0.8,5.6,5.3,10.9,4.1,1.3,2.1,2,4.7,17.4,NA,126,114,/players/l/landajo01.html
288,Jake LaRavia,PF,22,MEM,35,6,806,7.2,18.4,0.389,3.2,9.5,0.34,3.9,8.9,0.442,5.5,6.6,0.826,3.1,4.7,7.8,3.5,1.8,0.7,2.7,4.2,23,NA,109,116,/players/l/laravja01.html
289,Zach LaVine,SG,28,CHI,25,23,872,9.7,21.5,0.452,3.4,9.7,0.349,6.3,11.8,0.536,5,5.9,0.854,0.5,6.9,7.4,5.6,1.2,0.5,3,3.3,27.8,NA,113,118,/players/l/lavinza01.html
290,A.J. Lawson,SG,23,DAL,42,0,311,8.3,18.7,0.446,2,7.7,0.26,6.3,11,0.577,2.3,3.5,0.652,2.2,5.6,7.7,3.1,1.5,0.5,2.2,3.4,21,NA,105,117,/players/l/lawsoaj01.html
291,Saben Lee,PG,24,PHO,24,0,185,5.3,14.5,0.364,0.5,4.2,0.125,4.8,10.3,0.462,7.7,10.3,0.744,2.4,5.8,8.2,7.9,1.8,0.8,2.1,3.4,18.7,NA,115,115,/players/l/leesa01.html
292,Alex Len,C,30,SAC,48,0,444,5.5,8.9,0.617,0,0.3,0,5.5,8.5,0.641,2.2,3.7,0.588,5,9,14,5.5,1.2,3.6,3,7.2,13.1,NA,123,111,/players/l/lenal01.html
293,Kawhi Leonard,SF,32,LAC,68,68,2330,12.9,24.6,0.525,3,7.1,0.417,10,17.5,0.569,5.4,6.1,0.885,1.8,7,8.8,5.2,2.4,1.3,2.5,2.1,34.2,NA,124,114,/players/l/leonaka01.html
294,Caris LeVert,SG,29,CLE,68,10,1958,8.7,20.7,0.421,2.7,8.4,0.325,6,12.3,0.486,3.9,5.1,0.766,1,6.1,7.1,8.7,1.9,0.9,3,3.1,24,NA,110,113,/players/l/leverca01.html
295,Kira Lewis Jr.,PG,22,TOT,28,0,265,6.2,16.9,0.37,0.7,6.1,0.121,5.5,10.8,0.508,3.1,3.7,0.85,1.7,3.1,4.8,6.8,1.7,0.4,2.6,2.4,16.3,NA,100,119,/players/l/lewiski01.html
298,Damian Lillard,PG,33,MIL,73,73,2579,10.1,23.8,0.424,4.1,11.6,0.354,6,12.2,0.49,8.8,9.6,0.92,0.7,5.3,6,9.5,1.3,0.3,3.6,2.5,33.1,NA,120,118,/players/l/lillada01.html
299,Nassir Little,SF,23,PHO,45,2,458,6.1,13.2,0.46,2.2,7.5,0.3,3.8,5.8,0.667,1.8,2.1,0.85,1.5,6.5,8,2.2,1.1,1.1,1.5,4.2,16.2,NA,114,116,/players/l/littlna01.html
300,Dereck Lively II,C,19,DAL,55,42,1294,8.2,11,0.747,0,0.1,0,8.2,10.9,0.752,1.5,3,0.506,5,9,14,2.2,1.3,2.9,1.9,5.3,17.9,NA,139,112,/players/l/livelde01.html
301,Isaiah Livers,PF,25,DET,23,6,469,4.1,11.9,0.345,2.3,7.9,0.286,1.8,4,0.462,1.2,1.8,0.667,1.5,3.4,4.9,2.6,1.3,0.5,1.6,4.4,11.7,NA,96,121,/players/l/liveris01.html
303,Kenneth Lofton Jr.,PF,21,TOT,21,0,199,8.8,19.1,0.462,1.7,5.9,0.292,7.1,13.2,0.537,4.2,6.4,0.654,2.9,6.4,9.3,8.1,1.5,1.2,3.4,5.9,23.4,NA,111,117,/players/l/loftoke01.html
304,Kevon Looney,C,27,GSW,74,36,1195,5.6,9.4,0.597,0,0,0,5.6,9.4,0.599,2.3,3.4,0.675,5.8,11.2,17,5.4,1.1,1.2,2,6.3,13.5,NA,134,113,/players/l/looneke01.html
305,Brook Lopez,C,35,MIL,79,79,2411,7.3,15,0.485,2.9,8.1,0.366,4.3,7,0.621,2.2,2.7,0.821,2.3,5.8,8.2,2.5,0.9,3.8,1.6,3.8,19.7,NA,121,114,/players/l/lopezbr01.html
307,Kevin Love,PF,35,MIA,55,5,924,8.5,19.4,0.44,4.5,13.2,0.344,4,6.2,0.643,4.6,5.8,0.787,3.2,15.1,18.2,6.2,1,0.5,2.6,5.2,26.2,NA,121,109,/players/l/loveke01.html
308,Kyle Lowry,PG,37,TOT,60,55,1690,4.8,11.1,0.432,2.9,7.3,0.392,1.9,3.7,0.512,1.8,2.2,0.84,1,4.7,5.7,7.4,1.7,0.6,2.5,4.3,14.3,NA,118,114,/players/l/lowryky01.html
310,Trey Lyles,PF,28,SAC,58,0,1158,6,13.5,0.445,3.5,9.2,0.384,2.5,4.3,0.578,2.1,2.9,0.7,2.6,8.2,10.8,3,0.7,0.8,1.6,3.6,17.6,NA,120,116,/players/l/lylestr01.html
311,Théo Maledon,PG,22,TOT,17,1,213,4.6,16.2,0.286,1.2,6.9,0.167,3.5,9.3,0.375,3.2,3.5,0.933,0.9,4.6,5.6,6.5,1.6,0,4.2,4.9,13.7,NA,81,121,/players/m/maledth01.html
312,Sandro Mamukelashvili,C,24,SAS,46,5,451,7.7,16.3,0.471,2,6.7,0.297,5.7,9.6,0.593,2.6,3.6,0.735,4.7,10.7,15.5,5.2,0.7,1.3,2,3.7,20,NA,119,116,/players/m/mamuksa01.html
313,Terance Mann,SG,27,LAC,75,71,1873,6.7,13,0.515,1.9,5.4,0.348,4.8,7.6,0.633,2.1,2.5,0.832,2.3,4.4,6.7,3.1,1.1,0.4,1.3,3.8,17.3,NA,127,119,/players/m/mannte01.html
314,Tre Mann,PG,22,TOT,41,28,987,7.2,15.7,0.459,2.3,6.3,0.373,4.9,9.5,0.516,2.2,2.9,0.763,1,6.4,7.4,8.2,2.5,0.1,3.2,2.4,19,NA,110,118,/players/m/manntr01.html
316,Lauri Markkanen,PF,26,UTA,55,55,1820,11.3,23.6,0.48,4.6,11.6,0.399,6.7,12,0.559,6.6,7.3,0.899,3.2,8.7,11.9,2.9,1.3,0.7,2,2.7,33.9,NA,128,120,/players/m/markkla01.html
317,Naji Marshall,SF,26,NOP,66,1,1257,6.6,14.3,0.463,2.3,5.9,0.387,4.4,8.5,0.516,2.7,3.4,0.791,2.1,7.3,9.4,5,1.9,0.5,2.5,3.5,18.2,NA,115,113,/players/m/marshna01.html
318,Caleb Martin,SF,28,MIA,64,23,1756,6.8,15.9,0.431,2.3,6.6,0.349,4.5,9.3,0.489,2.2,2.8,0.778,2.1,5.9,8,4.1,1.3,0.8,2.2,3.6,18.2,NA,107,113,/players/m/martica02.html
319,Cody Martin,SF,28,CHO,28,22,753,5.4,14.1,0.381,1.8,5.6,0.314,3.6,8.5,0.426,1.3,2.2,0.606,1.2,5.9,7.1,6.8,2.1,1.2,2.9,3.1,13.8,NA,96,118,/players/m/martico01.html
320,KJ Martin,SF,23,TOT,60,2,746,6.4,11.9,0.536,0.5,1.8,0.286,5.9,10.1,0.582,1.5,2.7,0.537,2.7,5.9,8.6,3.4,1.5,0.8,2.1,6.6,14.8,NA,112,115,/players/m/martike04.html
321,Garrison Mathews,SG,27,ATL,66,5,992,5,10.9,0.456,4.1,9.3,0.44,0.9,1.6,0.545,1.6,2,0.81,0.8,3.6,4.4,1.8,1,0.4,0.9,5.6,15.7,NA,131,123,/players/m/mathega01.html
322,Bennedict Mathurin,SF,21,IND,59,19,1538,9.1,20.3,0.446,2.5,6.6,0.374,6.6,13.8,0.481,5.6,6.9,0.821,1.8,5.3,7.2,3.7,1.1,0.4,3,3.6,26.3,NA,110,121,/players/m/mathube01.html
323,Wesley Matthews,SG,37,ATL,36,3,413,3.9,11.3,0.351,2.8,8,0.348,1.2,3.3,0.357,2.1,2.8,0.75,1,5.1,6.2,2.7,1.9,1.3,0.9,5,12.8,NA,112,119,/players/m/matthwe02.html
324,Tyrese Maxey,PG,23,PHI,70,70,2626,12,26.6,0.45,4,10.7,0.373,8,15.9,0.501,6.1,7.1,0.868,0.7,4.2,4.8,8.1,1.3,0.6,2.2,2.8,34,NA,121,117,/players/m/maxeyty01.html
325,Skylar Mays,PG-SG,26,TOT,38,5,433,7.1,18,0.396,1.8,6.1,0.296,5.3,11.9,0.448,1.5,1.9,0.765,1.1,3.7,4.9,9.6,2.4,0.5,2.3,2.9,17.6,NA,107,118,/players/m/mayssk01.html
326,Miles McBride,PG,23,NYK,68,14,1328,7.8,17.2,0.452,4.1,10.1,0.41,3.6,7.1,0.511,1.6,1.9,0.86,1.2,2.6,3.8,4.3,1.9,0.3,1.1,4.1,21.3,NA,126,116,/players/m/mcbrimi01.html
327,CJ McCollum,PG,32,NOP,66,66,2159,11,24,0.459,5.4,12.6,0.429,5.6,11.3,0.492,2.6,3.2,0.827,0.9,5.6,6.5,6.9,1.4,0.9,2.5,2.9,30,NA,118,114,/players/m/mccolcj01.html
328,T.J. McConnell,PG,31,IND,71,4,1291,12.1,21.7,0.556,0.7,1.6,0.409,11.4,20.1,0.568,1.8,2.3,0.79,1.3,5.7,7,14.3,2.6,0.3,3.9,2.9,26.6,NA,121,117,/players/m/mccontj01.html
329,Jaden McDaniels,SF,23,MIN,72,71,2105,7.2,14.7,0.489,2,6,0.337,5.2,8.8,0.592,1.3,1.9,0.722,1.3,3.9,5.3,2.4,1.5,1,2,5.1,17.8,NA,108,112,/players/m/mcdanja02.html
330,Jalen McDaniels,SF,26,TOR,50,1,538,5.8,17,0.344,1.1,6.4,0.169,4.8,10.6,0.449,2.4,3.3,0.73,1.6,5.5,7.1,3.3,1.7,0.5,2.7,4.7,15.2,NA,86,120,/players/m/mcdanja01.html
331,Doug McDermott,SF,32,TOT,64,0,904,6.4,14.9,0.433,4.9,12,0.41,1.5,2.9,0.527,0.6,1,0.579,0.5,2.6,3.1,3.7,0.8,0.1,1.5,3.4,18.4,NA,114,122,/players/m/mcderdo01.html
332,JaVale McGee,C,36,SAC,46,0,339,11.3,18.9,0.598,0.1,1,0.143,11.2,17.9,0.624,3.7,6.4,0.578,6,12,18.1,2.4,2,2.9,4.9,6.6,26.5,NA,109,109,/players/m/mcgeeja01.html
333,Bryce McGowens,SG,21,CHO,59,14,882,5.7,12.9,0.439,1.9,5.7,0.333,3.7,7.2,0.523,3.7,4.8,0.776,1,4.8,5.7,2.9,1.2,0.6,1.7,4.1,16.9,NA,111,122,/players/m/mcgowbr01.html
334,Jordan McLaughlin,PG,27,MIN,56,0,626,5.5,11.4,0.483,3.3,7,0.472,2.2,4.4,0.5,1,1.4,0.722,1.4,4.3,5.7,8.7,2.8,0.6,1.5,2.4,15.4,NA,136,109,/players/m/mclaujo01.html
335,De'Anthony Melton,SG,25,PHI,38,33,1023,6.7,17.3,0.386,3.7,10.3,0.36,3,7,0.425,3.2,3.8,0.835,1.3,5.4,6.8,5.5,2.9,0.8,1.9,4,20.3,NA,113,113,/players/m/meltode01.html
336,Nathan Mensah,C,25,CHO,25,0,307,1.9,4.5,0.429,0,0,NA,1.9,4.5,0.429,1.4,1.9,0.75,4.7,5.8,10.4,1.4,1,2.3,2.3,10.3,5.3,NA,104,119,/players/m/mensana01.html
337,Sam Merrill,SG,27,CLE,61,1,1069,7.3,18.2,0.402,6.6,16.4,0.404,0.7,1.8,0.385,1.2,1.3,0.929,1,4.5,5.5,5,0.9,0.2,0.9,3.3,22.4,NA,125,117,/players/m/merrisa01.html
338,Chimezie Metu,C,26,TOT,51,12,859,6.9,13.8,0.504,1.6,5.3,0.298,5.4,8.5,0.633,3.3,3.6,0.906,2.3,8.6,10.9,2.6,2.4,0.9,2.9,4,18.7,NA,112,114,/players/m/metuch01.html
339,Vasilije Micić,PG,30,TOT,60,21,1176,6.6,15.4,0.43,1.8,6.4,0.279,4.8,9,0.537,2.5,3.1,0.813,0.6,3.1,3.7,10.9,1.3,0.3,4.1,2.8,17.6,NA,105,121,/players/m/micicva01.html
340,Khris Middleton,SF,32,MIL,55,55,1487,10.2,20.8,0.493,3,8,0.381,7.2,12.8,0.563,3.2,3.9,0.833,1.3,7,8.3,9.4,1.6,0.5,4.1,4.6,26.8,NA,115,116,/players/m/middlkh01.html
341,Brandon Miller,SF,21,CHO,74,68,2383,9.9,22.4,0.44,3.8,10.2,0.373,6,12.2,0.495,3,3.6,0.827,1.2,5.3,6.5,3.6,1.4,0.9,2.7,3.8,26.5,NA,105,121,/players/m/millebr02.html
345,Patty Mills,PG,35,TOT,32,5,415,5.4,15.4,0.351,2.8,10.3,0.276,2.6,5.2,0.5,1.3,1.3,1,1.1,3.1,4.1,4,2.4,0.1,1.9,3.8,15,NA,98,117,/players/m/millspa02.html
346,Shake Milton,SG,27,TOT,48,0,581,6.7,16.6,0.405,1.5,5.4,0.281,5.2,11.1,0.466,3.4,4.2,0.816,1.2,5.2,6.4,5.1,1.6,0.5,2.6,4.6,18.3,NA,102,112,/players/m/miltosh01.html
347,Justin Minaya,SF,24,POR,34,1,381,2.9,9.6,0.297,1.6,6.4,0.245,1.3,3.2,0.4,0.6,1.2,0.556,3.9,3.4,7.3,2.7,1.2,1.3,1.2,4.5,7.9,NA,100,120,/players/m/minayju01.html
349,Davion Mitchell,PG,25,SAC,72,4,1101,6.4,14.2,0.452,2.5,7,0.361,3.9,7.3,0.539,1.3,1.9,0.714,0.8,3.4,4.2,5.9,0.7,0.1,1.9,3.7,16.7,NA,114,120,/players/m/mitchda01.html
350,Donovan Mitchell,SG,27,CLE,55,55,1942,12.8,27.7,0.462,4.6,12.6,0.368,8.2,15.1,0.539,7,8.1,0.865,1.2,6,7.1,8.5,2.6,0.8,3.9,3,37.2,NA,117,111,/players/m/mitchdo01.html
351,Evan Mobley,PF,22,CLE,50,50,1532,10.3,17.8,0.58,0.7,1.9,0.373,9.6,15.9,0.604,4,5.5,0.719,3.6,11.5,15.1,5.2,1.5,2.3,2.9,4.3,25.3,NA,122,109,/players/m/mobleev01.html
353,Malik Monk,SG,25,SAC,72,0,1872,10.3,23.2,0.443,3.8,11,0.35,6.4,12.2,0.528,4.4,5.3,0.829,0.7,4.8,5.5,9.6,1.2,1,3.9,4,28.8,NA,113,117,/players/m/monkma01.html
354,Moses Moody,SG,21,GSW,66,9,1156,8.1,17.6,0.462,3,8.4,0.36,5.1,9.2,0.555,3.1,3.9,0.785,2.7,5.5,8.2,2.4,1.8,1,1.8,3.8,22.3,NA,117,115,/players/m/moodymo01.html
358,Ja Morant,PG,24,MEM,9,9,318,12.3,26.1,0.471,2.2,7.8,0.275,10.1,18.3,0.555,8,9.8,0.813,0.9,6.8,7.7,11.2,1.1,0.8,4.2,2.9,34.7,NA,116,116,/players/m/moranja01.html
359,Marcus Morris,PF,34,TOT,49,7,817,7,15.9,0.439,2.9,7.2,0.403,4.1,8.7,0.469,2.2,2.7,0.818,1.4,6.7,8.1,2.2,0.9,0.8,1.8,4.5,19.1,NA,109,116,/players/m/morrima03.html
360,Markieff Morris,PF,34,DAL,26,1,216,5.1,15.1,0.338,3.3,9.3,0.357,1.8,5.8,0.308,1.1,1.3,0.833,0.9,7.8,8.7,3.6,1.1,0.7,2.7,2.7,14.7,NA,92,116,/players/m/morrima02.html
361,Monte Morris,PG,28,TOT,33,0,476,6.4,15.8,0.405,2.8,7.2,0.386,3.6,8.6,0.422,1.3,2,0.684,0.7,5.2,5.9,7.1,2,0.9,0.7,1.4,17,NA,118,111,/players/m/morrimo01.html
362,Trey Murphy III,SF,23,NOP,57,23,1690,8,18,0.443,4.9,12.9,0.38,3.1,5.1,0.602,3.6,4.4,0.815,1.2,6.9,8.1,3.6,1.5,0.8,1,2,24.4,NA,127,114,/players/m/murphtr02.html
363,Dejounte Murray,SG,27,ATL,78,78,2783,11.6,25.2,0.459,3.5,9.5,0.363,8.1,15.7,0.518,3.6,4.5,0.794,1.1,6.1,7.2,8.7,1.9,0.4,3.5,2.4,30.2,NA,114,119,/players/m/murrade01.html
364,Jamal Murray,PG,26,DEN,59,59,1861,12.6,26.3,0.481,3.9,9.1,0.425,8.8,17.2,0.51,4.2,4.9,0.853,1.1,5.3,6.4,10.2,1.5,1,3.3,2.8,33.3,NA,119,114,/players/m/murraja01.html
365,Keegan Murray,SF,23,SAC,77,77,2588,8.3,18.3,0.454,3.4,9.6,0.358,4.9,8.7,0.56,1.9,2.3,0.831,2,5.9,7.9,2.4,1.5,1.1,1.2,3.8,22,NA,117,116,/players/m/murrake02.html
366,Kris Murray,SF,23,POR,62,29,1348,5.3,13.4,0.396,1.8,6.7,0.268,3.5,6.7,0.525,1.4,2.1,0.661,3.1,5.1,8.2,2.9,1.9,0.8,2,3.4,13.8,NA,103,118,/players/m/murrakr01.html
367,Mike Muscala,C,32,TOT,53,6,600,4.4,12.3,0.359,2.2,7.6,0.292,2.2,4.7,0.467,1.3,2,0.68,3.1,6.8,9.9,2.8,0.7,1,1.7,4.1,12.4,NA,102,120,/players/m/muscami01.html
368,Svi Mykhailiuk,SF,26,BOS,41,2,413,6.8,16.4,0.416,5,12.9,0.389,1.8,3.5,0.517,0.7,1.1,0.667,1.3,4.8,6.1,4.2,1.3,0.1,1.4,2.3,19.4,NA,119,115,/players/m/mykhasv01.html
369,Larry Nance Jr.,C,31,NOP,61,0,1216,5.6,9.7,0.573,1.1,2.6,0.415,4.5,7.1,0.631,1.9,2.5,0.77,3.8,8.6,12.4,4.6,2.5,0.8,2,4,14.1,NA,131,111,/players/n/nancela02.html
371,Andrew Nembhard,PG,24,IND,68,47,1697,7.2,14.5,0.498,1.7,4.8,0.357,5.5,9.8,0.567,1.3,1.6,0.804,1,2.9,3.9,7.8,1.8,0.2,2.8,4,17.4,NA,114,121,/players/n/nembhan01.html
372,Aaron Nesmith,SF,24,IND,72,47,1995,7.4,15,0.496,3.3,7.9,0.419,4.1,7.1,0.581,2.5,3.2,0.781,1.5,5,6.5,2.6,1.5,1.2,1.5,5.7,20.7,NA,123,119,/players/n/nesmiaa01.html
373,Georges Niang,PF,30,CLE,82,10,1831,7.7,17.1,0.449,4,10.7,0.376,3.6,6.4,0.572,1.4,1.6,0.85,0.6,6.9,7.5,2.6,0.8,0.5,1.9,5.2,20.7,NA,109,115,/players/n/niangge01.html
375,Zeke Nnaji,PF,23,DEN,58,0,576,5.9,12.8,0.463,0.5,2,0.261,5.4,10.8,0.5,3.6,5.3,0.677,5.2,5.6,10.8,2.8,1.3,3.3,2.3,7,16,NA,113,112,/players/n/nnajize01.html
376,Jaylen Nowell,SG,24,TOT,13,1,214,7.7,17.7,0.436,1.4,6.6,0.207,6.4,11.1,0.571,1.6,2,0.778,1.4,4.1,5.5,4.3,0.9,0.5,1.6,3.4,18.4,NA,104,120,/players/n/nowelja01.html
379,Jusuf Nurkić,C,29,PHO,76,76,2078,7.5,14.7,0.51,0.5,2.1,0.244,7,12.6,0.555,3.9,6.1,0.64,5.3,14.4,19.7,7.1,1.9,1.9,4.1,6,19.5,NA,114,108,/players/n/nurkiju01.html
380,Jordan Nwora,SF,25,TOT,52,1,712,9.3,20.2,0.462,3,8.8,0.336,6.3,11.3,0.56,3,3.6,0.83,1.9,8.2,10,4.2,1.8,0.9,3.6,3.2,24.5,NA,105,117,/players/n/nworajo01.html
381,Royce O'Neale,SF,30,TOT,79,14,1954,5.4,13.6,0.397,3.9,10.6,0.37,1.5,2.9,0.496,0.6,0.9,0.686,1.5,8,9.5,5.5,1.5,1.1,1.8,4.4,15.3,NA,115,115,/players/o/onealro01.html
382,Chuma Okeke,SF,25,ORL,47,8,432,4.6,12.8,0.357,2.6,9.4,0.28,1.9,3.4,0.567,0.5,0.8,0.571,2.1,7.1,9.2,2.3,1,0.8,1.8,2.2,12.3,NA,97,113,/players/o/okekech01.html
383,Josh Okogie,SG,25,PHO,60,11,960,4.4,10.5,0.417,1.5,4.8,0.309,2.9,5.7,0.509,3.9,5.2,0.745,3.8,4.1,7.8,3.3,2.4,1.2,1.8,3.5,14.1,NA,119,114,/players/o/okogijo01.html
384,Onyeka Okongwu,C,23,ATL,55,8,1405,7.6,12.5,0.611,0.8,2.4,0.333,6.8,10.1,0.676,3.1,4,0.793,4.9,7.9,12.8,2.5,0.9,2,1.5,5.5,19.2,NA,138,118,/players/o/okongon01.html
385,Isaac Okoro,SF,23,CLE,69,42,1887,6.2,12.6,0.49,2.2,5.6,0.391,4,6.9,0.57,2.4,3.6,0.679,1.8,3.6,5.4,3.5,1.5,0.9,1.4,3.7,16.9,NA,121,115,/players/o/okorois01.html
386,Kelly Olynyk,C,32,TOT,78,27,1759,7.6,13.6,0.555,1.6,4.3,0.387,5.9,9.4,0.632,4.1,4.9,0.833,3,8.3,11.3,9.5,2,0.8,4.2,6.3,20.9,NA,124,118,/players/o/olynyke01.html
387,Eugene Omoruyi,SF,26,WAS,43,0,393,9.6,19.9,0.485,1.5,5.5,0.283,8.1,14.4,0.562,3.8,5.8,0.653,4.2,5.9,10.1,4.2,3.2,0.6,2.5,7.4,24.6,NA,111,116,/players/o/omorueu01.html
388,Cedi Osman,SF,28,SAS,72,3,1269,6.9,14.4,0.479,3.2,8.3,0.389,3.7,6.1,0.601,1.3,1.9,0.673,0.9,5.8,6.7,4.5,1.3,0.4,1.8,4,18.3,NA,115,118,/players/o/osmande01.html
389,Kelly Oubre Jr.,SF,28,PHI,68,52,2055,9.3,21,0.441,2.4,7.8,0.311,6.8,13.2,0.517,4.2,5.6,0.75,2.3,5.9,8.2,2.4,1.8,1.1,2.1,4.6,25.1,NA,109,114,/players/o/oubreke01.html
390,Chris Paul,PG,38,GSW,58,18,1531,6.5,14.8,0.441,2.5,6.6,0.371,4,8.1,0.498,1.4,1.6,0.827,0.6,6.5,7.1,12.4,2.2,0.2,2.4,3.4,16.8,NA,124,115,/players/p/paulch01.html
391,Cameron Payne,PG,29,TOT,78,10,1304,7.7,17.9,0.432,3.9,9.9,0.39,3.9,8,0.486,2.2,2.5,0.866,0.8,3.6,4.4,7.6,1.6,0.4,2.5,4.7,21.5,NA,116,118,/players/p/payneca01.html
392,Gary Payton II,SG,31,GSW,44,0,680,7.3,13,0.563,1.4,3.9,0.364,5.9,9.1,0.648,1,1.6,0.609,3.3,4.8,8,3.4,2.8,1.3,1.9,5.5,17.1,NA,123,113,/players/p/paytoga02.html
396,Julian Phillips,SF,20,CHI,40,0,323,4.9,11.9,0.416,1.9,5.9,0.316,3.1,6,0.513,2,2.9,0.684,1.9,3.7,5.6,2,1.1,1.1,1.5,6.2,13.7,NA,107,119,/players/p/phillju01.html
398,Scotty Pippen Jr.,PG,23,MEM,21,16,527,9.3,18.8,0.493,2.8,6.7,0.417,6.5,12.2,0.534,3.8,5.1,0.745,2,4.2,6.2,9.1,3.3,0.9,5.2,5.6,25.1,NA,110,112,/players/p/pippesc02.html
399,Mason Plumlee,C,33,LAC,46,11,674,6.4,11.2,0.569,0,0.4,0,6.4,10.8,0.592,5.1,7.3,0.707,4.4,12.7,17.1,4,1,1.2,2.6,5,17.9,NA,125,113,/players/p/plumlma01.html
400,Brandin Podziemski,SG,20,GSW,74,28,1968,6.7,14.7,0.454,2.2,5.8,0.385,4.5,8.9,0.499,1.2,1.9,0.633,2.9,7.6,10.5,6.7,1.5,0.3,2.2,3,16.8,NA,118,115,/players/p/podzibr01.html
401,Jakob Poeltl,C,28,TOR,50,50,1319,9.1,13.8,0.656,0,0,NA,9.1,13.8,0.656,2.2,3.9,0.551,5.3,10.4,15.7,4.6,1.3,2.8,2.8,5.5,20.3,NA,125,115,/players/p/poeltja01.html
402,Aleksej Pokusevski,PF,22,TOT,28,0,405,5.9,14.7,0.405,2.2,6.7,0.327,3.8,8,0.47,3.6,5,0.732,2.1,8.7,10.8,4.2,1.8,1.6,2.3,2.7,17.7,NA,107,116,/players/p/pokusal01.html
403,Jordan Poole,SG,24,WAS,78,66,2346,9.8,23.6,0.413,3.7,11.2,0.326,6.1,12.4,0.492,3.8,4.4,0.877,0.6,3.6,4.2,6.8,1.7,0.5,3.7,4.9,27,NA,102,121,/players/p/poolejo01.html
404,Craig Porter Jr.,PG,23,CLE,51,6,649,8.8,17.4,0.509,0.9,2.6,0.353,7.9,14.8,0.536,3.1,4.3,0.732,1.6,6.7,8.3,9,1.6,1.1,3.4,3,21.7,NA,114,113,/players/p/portecr01.html
405,Jontay Porter,PF,24,TOR,26,5,360,5.4,14,0.385,2.7,8,0.333,2.7,5.9,0.455,2,2.4,0.833,3.5,7.5,11,8,2.7,2.7,2.8,4.7,15.4,NA,112,114,/players/p/portejo01.html
406,Michael Porter Jr.,SF,25,DEN,81,81,2565,10.1,20.9,0.484,4.3,10.7,0.397,5.8,10.1,0.575,1.8,2.1,0.836,2,8.9,10.9,2.4,0.8,1,1.8,2.9,26.2,NA,117,114,/players/p/portemi01.html
407,Otto Porter Jr.,SF,30,TOR,15,1,174,3.9,9.2,0.424,2.2,6.4,0.348,1.7,2.8,0.6,0.8,0.8,1,1.7,6.4,8,2.2,1.4,1.4,0.6,5.3,10.8,NA,123,119,/players/p/porteot01.html
408,Bobby Portis,PF,28,MIL,82,4,2008,11.2,22,0.508,2.4,5.9,0.407,8.8,16.1,0.545,2.3,3,0.79,3.4,11.1,14.5,2.5,1.6,0.8,2.2,4.5,27,NA,115,113,/players/p/portibo01.html
409,Kristaps Porziņģis,C,28,BOS,57,57,1690,11.3,22,0.516,3.2,8.6,0.375,8.1,13.4,0.606,7.6,8.8,0.858,2.8,9.1,12,3.4,1.2,3.2,2.6,4.6,33.5,NA,128,109,/players/p/porzikr01.html
410,Micah Potter,PF,25,UTA,16,0,186,4.9,10.4,0.475,2.3,5.4,0.429,2.6,4.9,0.526,1.6,2.1,0.75,2.6,8.6,11.2,1.6,1,1.6,1.3,3.6,13.7,NA,123,120,/players/p/pottemi01.html
411,Dwight Powell,C,32,DAL,63,9,836,4.1,6.1,0.679,0.1,0.2,0.333,4.1,5.9,0.689,3.6,5.1,0.708,5.6,6.7,12.3,4.8,1.5,1.1,1.8,6.5,11.9,NA,147,115,/players/p/poweldw01.html
412,Norman Powell,SG,30,LAC,76,3,1990,9.3,19.1,0.486,4.1,9.5,0.435,5.1,9.5,0.536,3.5,4.3,0.831,0.4,4.4,4.8,2,1.1,0.5,1.6,3.4,26.2,NA,120,119,/players/p/powelno01.html
415,Taurean Prince,PF,29,LAL,78,49,2108,5.7,12.9,0.442,3.2,8,0.396,2.5,4.9,0.519,1.1,1.5,0.735,0.5,4.7,5.2,2.7,1.3,0.8,1.6,3.3,15.7,NA,108,118,/players/p/princta02.html
416,Payton Pritchard,PG,26,BOS,82,5,1825,8,17.2,0.468,4,10.3,0.385,4.1,6.8,0.593,1.2,1.5,0.821,1.9,5.3,7.2,7.6,1.1,0.2,1.7,2.9,21.3,NA,129,115,/players/p/pritcpa01.html
417,Olivier-Maxence Prosper,PF,21,DAL,40,1,336,5.7,14.8,0.385,1.9,6.4,0.289,3.9,8.4,0.458,4,5.9,0.683,3.6,7.7,11.3,3.1,1,0.6,1.1,2.9,17.3,NA,113,116,/players/p/prospol01.html
418,Trevelin Queen,SG,26,ORL,14,0,165,4.2,11.4,0.368,0.9,5.1,0.176,3.3,6.3,0.524,2.7,3.6,0.75,0.9,5.1,6,5.4,2.1,1.5,2.1,4.5,12,NA,101,111,/players/q/queentr01.html
419,Neemias Queta,C,24,BOS,28,0,333,9.9,15.4,0.644,0,0,NA,9.9,15.4,0.644,3,4.2,0.714,7.9,10.2,18.1,3,1.9,3.1,1.9,7.4,22.8,NA,139,106,/players/q/quetane01.html
420,Immanuel Quickley,PG-SG,24,TOT,68,38,1985,9.6,22.1,0.434,4.2,10.7,0.395,5.4,11.4,0.471,5.2,6.1,0.853,0.4,6,6.4,8.2,1.2,0.2,2.5,2.9,28.6,NA,119,119,/players/q/quickim01.html
421,Lester Quinones,SG,23,GSW,37,0,394,6.9,17.3,0.397,3.9,10.8,0.364,2.9,6.5,0.453,2.5,3.6,0.69,2.6,6.3,8.8,4.4,0.7,0.2,2.1,5.4,20.1,NA,113,118,/players/q/quinole01.html
423,Julius Randle,PF,29,NYK,46,46,1630,12.2,25.9,0.472,2.4,7.5,0.311,9.9,18.3,0.539,7.3,9.3,0.781,3.1,10,13.1,7.1,0.8,0.4,4.9,3.9,34.1,NA,113,114,/players/r/randlju01.html
424,Duop Reath,C,27,POR,68,20,1214,9.4,20.3,0.461,3.6,10,0.359,5.8,10.3,0.559,2.8,3.8,0.742,3.8,6.4,10.2,2.7,1.3,1.5,2.1,6.5,25.1,NA,116,117,/players/r/reathdu01.html
425,Austin Reaves,SG,25,LAL,82,57,2629,8.3,17,0.486,2.8,7.6,0.367,5.5,9.4,0.583,4.2,4.9,0.853,1,5.3,6.4,8.1,1.2,0.5,3.1,2.8,23.5,NA,119,118,/players/r/reaveau01.html
426,Cam Reddish,SF,24,LAL,48,26,984,4.4,11.3,0.389,1.8,5.3,0.336,2.6,6,0.435,2,2.6,0.759,1.3,3.5,4.8,2.3,2.3,0.7,1.5,3.1,12.6,NA,102,116,/players/r/reddica01.html
427,Paul Reed,C,24,PHI,82,24,1590,8,14.9,0.54,0.6,1.8,0.368,7.4,13.1,0.563,1.9,2.6,0.718,6,9.1,15.1,3.4,2.1,2.6,2.1,6.1,18.6,NA,123,110,/players/r/reedpa01.html
428,Naz Reid,C,24,MIN,81,14,1964,10.2,21.4,0.477,4.3,10.3,0.414,6,11.1,0.535,2.7,3.7,0.736,1.8,8.8,10.6,2.7,1.6,1.8,2.8,4.3,27.4,NA,111,107,/players/r/reidna01.html
429,Jared Rhoden,SG,24,DET,17,0,245,6.5,13,0.5,2.4,6.1,0.387,4.1,6.9,0.6,1,1.6,0.625,0.6,5.9,6.5,2.7,0.6,2.6,1.4,5.5,16.3,NA,115,119,/players/r/rhodeja01.html
430,Nick Richards,C,26,CHO,67,51,1759,7.3,10.5,0.691,0,0,0,7.3,10.5,0.693,3.7,5,0.737,4.8,10.3,15.1,1.5,0.7,2.1,2,4.9,18.3,NA,134,118,/players/r/richani01.html
431,Josh Richardson,SG,30,MIA,43,6,1103,7,15.7,0.444,3,8.6,0.347,4,7.1,0.561,2.3,2.4,0.944,0.8,4.7,5.5,4.7,1.1,0.6,1.6,3.4,19.2,NA,115,115,/players/r/richajo01.html
432,Duncan Robinson,SF,29,MIA,68,36,1905,8,17.7,0.45,4.9,12.4,0.395,3.1,5.3,0.579,2.1,2.4,0.889,0.4,4.1,4.5,5,1.2,0.4,2.5,4.3,22.9,NA,114,115,/players/r/robindu01.html
434,Mitchell Robinson,C,25,NYK,31,21,768,4.8,8.3,0.575,0,0,NA,4.8,8.3,0.575,1.8,4.3,0.409,9.3,7.9,17.3,1.2,2.4,2.3,1.6,3.6,11.4,NA,128,109,/players/r/robinmi01.html
435,Orlando Robinson,C,23,MIA,36,7,304,5.9,11.8,0.5,1.3,2.5,0.533,4.6,9.4,0.491,3.1,4.1,0.76,4.6,9.2,13.8,5.6,1.1,1.3,3,5.7,16.2,NA,120,111,/players/r/robinor01.html
436,Jeremiah Robinson-Earl,PF,23,NOP,39,1,334,6.6,13.9,0.474,1.9,5.7,0.333,4.7,8.2,0.571,1.8,2.3,0.75,3.4,7.8,11.2,3.1,1.5,0.6,2.3,3.5,16.9,NA,112,113,/players/r/robinje02.html
437,David Roddy,PF,22,TOT,65,13,1177,6.9,17,0.403,2,6.8,0.293,4.9,10.2,0.478,2,2.8,0.691,2.2,6.6,8.8,3.3,1.1,0.5,2.4,3,17.6,NA,98,117,/players/r/roddyda01.html
439,Derrick Rose,PG,35,MEM,24,7,399,9.3,20.2,0.461,1.8,5,0.366,7.5,15.2,0.492,2.9,3.3,0.889,0.9,4.7,5.5,9.6,1,0.2,3.8,2.6,23.4,NA,108,119,/players/r/rosede01.html
440,Terry Rozier,PG-SG,29,TOT,61,60,2040,10.7,24.3,0.443,3.6,10,0.363,7.1,14.3,0.498,4.2,4.8,0.869,0.9,5.2,6,8.3,1.5,0.5,2.6,2.5,29.3,NA,114,118,/players/r/roziete01.html
441,Rayan Rupert,SG,19,POR,39,12,633,4.2,12.6,0.335,2.2,6.1,0.359,2,6.5,0.313,1.5,2,0.76,1.9,5.3,7.2,4.8,0.9,0.2,2.4,4.4,12.1,NA,98,120,/players/r/ruperra01.html
442,D'Angelo Russell,PG,27,LAL,76,69,2484,9.4,20.7,0.456,4.3,10.4,0.415,5.1,10.2,0.497,3,3.7,0.828,0.5,4,4.5,9.2,1.3,0.7,3,3,26.2,NA,116,118,/players/r/russeda01.html
443,Matt Ryan,SF,26,NOP,28,1,390,6.2,14.2,0.434,5.2,11.4,0.451,1,2.8,0.364,1.6,1.8,0.929,0.8,4.3,5,2.3,0.8,0.1,2.4,4,19.1,NA,113,118,/players/r/ryanma01.html
444,Domantas Sabonis,C,27,SAC,82,82,2928,10.5,17.7,0.594,0.5,1.4,0.379,10,16.3,0.613,4.8,6.9,0.704,4.9,13.7,18.6,11.2,1.2,0.8,4.5,4.1,26.4,NA,127,112,/players/s/sabondo01.html
445,Luka Šamanić,PF,24,UTA,43,7,404,7.2,18.9,0.38,1.6,7.6,0.203,5.6,11.2,0.5,5.3,6.7,0.786,2.6,9.6,12.2,2.3,0.6,0.8,3.3,3.8,21.1,NA,97,121,/players/s/samanlu01.html
448,Gui Santos,PF,21,GSW,23,0,192,7.1,13.9,0.509,2.5,6.8,0.37,4.5,7.1,0.643,4,4.3,0.941,4.3,8.1,12.3,3.5,1,0.5,1.8,5.8,20.7,NA,135,116,/players/s/santogu01.html
449,Dario Šarić,C,29,GSW,64,9,1098,8,17.1,0.466,3.3,8.7,0.376,4.7,8.4,0.56,3.5,4.1,0.849,3.2,9.3,12.5,6.3,1.4,0.4,3.4,4.9,22.7,NA,119,115,/players/s/saricda01.html
451,Marcus Sasser,PG,23,DET,71,11,1351,7.8,18.2,0.428,3.2,8.5,0.375,4.6,9.7,0.474,2.1,2.4,0.879,0.4,4.1,4.5,8.4,1.6,0.4,3.2,3.7,20.9,NA,108,120,/players/s/sassema01.html
453,Dennis Schröder,PG,30,TOT,80,58,2486,7.9,18.2,0.435,2.7,7.2,0.375,5.2,11,0.474,3.5,4.2,0.836,0.8,4,4.7,9.6,1.2,0.3,3,3.2,22,NA,114,121,/players/s/schrode01.html
455,Alperen Sengun,C,21,HOU,63,63,2046,12.5,23.3,0.537,0.8,2.6,0.297,11.7,20.6,0.567,5.8,8.3,0.693,4.3,9.6,14,7.4,1.8,1.1,3.8,5,31.6,NA,118,111,/players/s/sengual01.html
456,Brice Sensabaugh,SF,20,UTA,32,11,584,7,18,0.39,2.8,9.5,0.296,4.2,8.5,0.495,3.1,3.4,0.902,1.3,7.1,8.4,4.5,1.1,0.5,3.9,3.6,19.9,NA,99,122,/players/s/sensabr01.html
457,Collin Sexton,SG,25,UTA,78,51,2075,11.8,24.1,0.487,3,7.6,0.394,8.8,16.6,0.53,7.4,8.6,0.859,1.7,3.1,4.8,8.9,1.4,0.4,3.8,3.6,33.9,NA,122,123,/players/s/sextoco01.html
458,Landry Shamet,SG,26,WAS,46,5,726,7.6,17.6,0.431,3.4,10.1,0.338,4.2,7.5,0.556,2.4,3,0.826,1,3,4,3.5,1.6,0.6,1.9,4.9,21.1,NA,107,122,/players/s/shamela01.html
459,Day'Ron Sharpe,C,22,BRK,61,1,921,9,15.8,0.571,0.2,0.8,0.267,8.8,15,0.588,4,6.6,0.61,8.7,12.3,20.9,4.6,1.3,2.4,3.8,7,22.3,NA,120,112,/players/s/sharpda01.html
460,Shaedon Sharpe,SG,20,POR,32,25,1059,8.2,20.2,0.406,2.8,8.4,0.333,5.4,11.8,0.457,4.6,5.5,0.824,2,5.5,7.5,4.4,1.3,0.6,3.4,4.1,23.8,NA,105,119,/players/s/sharpsh01.html
461,Ben Sheppard,SG,22,IND,57,1,814,5.2,13.3,0.393,2.8,9,0.314,2.4,4.2,0.562,1.3,1.5,0.885,0.9,4.3,5.2,3.1,1.9,0.1,0.9,5.1,14.6,NA,112,120,/players/s/sheppbe01.html
462,Pascal Siakam,PF,29,TOT,80,80,2657,12.2,22.8,0.536,1.5,4.4,0.346,10.7,18.4,0.581,5.2,7.1,0.732,2.5,7.7,10.2,6.1,1.1,0.4,2.5,3.5,31.2,NA,121,119,/players/s/siakapa01.html
463,Ben Simmons,PG,27,BRK,15,12,359,5.9,10.2,0.581,0,0,NA,5.9,10.2,0.581,0.8,2.1,0.4,4.3,12.1,16.4,11.9,1.7,1.2,3.7,5,12.7,NA,121,112,/players/s/simmobe01.html
465,Anfernee Simons,SG,24,POR,46,46,1582,11.2,26.1,0.43,4.9,12.6,0.385,6.4,13.5,0.472,5.1,5.6,0.916,0.7,4.5,5.2,8,0.7,0.2,3.9,3.1,32.4,NA,113,121,/players/s/simonan01.html
466,Zavier Simpson,PG,26,MEM,7,0,161,5.2,16.4,0.315,1.5,5.2,0.294,3.6,11.2,0.324,0.9,1.2,0.75,1.2,4.9,6.1,7.6,2.1,0.9,3,3.3,12.8,NA,86,115,/players/s/simpsza01.html
467,Jericho Sims,C,25,NYK,45,11,585,3.3,4.7,0.691,0,0,NA,3.3,4.7,0.691,1.4,2.1,0.667,4.8,7.8,12.7,2.2,0.7,1.6,1.4,3.9,7.9,NA,141,114,/players/s/simsje01.html
471,Marcus Smart,PG,29,MEM,20,20,605,8.2,19.1,0.43,3.4,10.8,0.313,4.8,8.3,0.583,3.5,4.5,0.768,0.5,3.8,4.3,6.9,3.3,0.4,5,4.3,23.4,NA,100,113,/players/s/smartma01.html
472,Dennis Smith Jr.,PG,26,BRK,56,2,1059,6.9,15.8,0.435,1.5,5.1,0.294,5.4,10.7,0.502,2,2.7,0.741,2.3,5.3,7.7,9.5,3.2,0.6,3.2,5.7,17.3,NA,110,114,/players/s/smithde03.html
474,Ish Smith,PG,35,CHO,43,5,741,4.4,10.5,0.418,0.3,0.5,0.5,4.1,10,0.413,0.2,0.3,0.75,0.7,4.3,5.1,9.7,1.1,0.3,3.1,3.3,9.3,NA,97,123,/players/s/smithis01.html
475,Jabari Smith Jr.,PF,20,HOU,76,76,2424,7.6,16.7,0.454,2.8,7.6,0.363,4.8,9.1,0.53,3,3.7,0.811,2.8,9.5,12.3,2.4,1,1.2,1.8,4,20.9,NA,116,113,/players/s/smithja05.html
476,Jalen Smith,C,23,IND,61,14,1047,10.5,17.8,0.592,2.7,6.5,0.424,7.8,11.3,0.689,3.2,4.7,0.692,5,10.1,15.2,2.8,0.8,1.7,2,5.6,27.1,NA,133,117,/players/s/smithja04.html
477,Nick Smith Jr.,SG,19,CHO,51,0,729,7.6,19.6,0.391,4.3,9.9,0.432,3.4,9.7,0.35,0.9,1,0.867,1.2,3.7,4.9,4,0.7,0.5,2.6,3.7,20.4,NA,98,124,/players/s/smithni01.html
479,Jeremy Sochan,PF,20,SAS,74,73,2193,7.4,16.8,0.438,1.5,4.9,0.308,5.8,11.9,0.492,2.4,3.1,0.771,3,7.3,10.3,5.4,1.3,0.9,3,3.6,18.6,NA,104,117,/players/s/sochaje01.html
481,Jaden Springer,SG-PG,21,TOT,49,2,507,5.7,14.4,0.399,1,4.7,0.208,4.8,9.7,0.49,3.4,4.1,0.833,3.2,4.4,7.6,4.3,3.5,1.5,3.3,6.4,15.8,NA,101,110,/players/s/sprinja01.html
482,Lamar Stevens,PF,26,TOT,38,3,559,9.5,21,0.45,1.2,4,0.304,8.2,17,0.485,3.7,4.7,0.778,3.2,8,11.1,2.5,2,1.9,2.1,3.9,23.8,NA,106,111,/players/s/stevela01.html
483,Isaiah Stewart,PF,22,DET,46,45,1423,6.3,12.9,0.487,2.3,5.9,0.383,4,7,0.575,2.2,2.9,0.753,2.5,7.8,10.3,2.5,0.6,1.3,2.2,3.3,17,NA,114,119,/players/s/stewais01.html
484,Julian Strawther,SF,21,DEN,50,0,545,7.5,20.2,0.369,3.7,12.6,0.297,3.7,7.6,0.488,2,2.8,0.71,0.5,5.1,5.5,4.3,1.5,0.6,2.1,4.9,20.6,NA,99,115,/players/s/strawju01.html
485,Max Strus,SF,27,CLE,70,70,2239,6.7,16.1,0.418,3.7,10.6,0.351,3,5.5,0.546,1.7,2.1,0.794,1.5,6,7.5,6.2,1.4,0.6,2.5,3.8,18.8,NA,112,114,/players/s/strusma01.html
486,Jalen Suggs,SG,22,ORL,75,75,2025,8.2,17.5,0.471,3.7,9.4,0.397,4.5,8,0.556,2.9,3.8,0.756,1.2,4.4,5.6,5,2.6,1.1,3.2,5,23.1,NA,113,110,/players/s/suggsja01.html
488,Jae'Sean Tate,SF,28,HOU,65,9,1031,5.1,10.8,0.472,1.1,3.6,0.299,4,7.2,0.559,1.2,1.8,0.667,2.9,6.4,9.3,3,2,0.7,1.7,6.4,12.5,NA,112,113,/players/t/tateja01.html
489,Jayson Tatum,PF,25,BOS,74,74,2645,12.6,26.6,0.471,4.3,11.4,0.376,8.3,15.3,0.542,7.7,9.3,0.833,1.3,10,11.2,6.8,1.4,0.8,3.5,2.7,37.1,NA,121,111,/players/t/tatumja01.html
490,Terry Taylor,PF,24,CHI,31,0,188,5.3,10.3,0.513,0.5,2.4,0.222,4.8,8,0.6,1.1,1.3,0.8,4.5,5.3,9.8,2.7,1.3,0.5,1.9,4.5,12.2,NA,117,118,/players/t/taylote01.html
491,Garrett Temple,SG,37,TOR,27,2,289,4.8,13,0.372,2,6.7,0.3,2.8,6.3,0.447,3,3.7,0.818,3,4.5,7.5,4.7,2,0.5,2.3,4.7,14.7,NA,107,120,/players/t/templga01.html
492,Dalen Terry,SG,21,CHI,59,2,681,5.1,11.5,0.439,1.2,5.4,0.23,3.8,6.1,0.627,1.8,3.1,0.581,2.1,6.1,8.3,5.9,2,1.3,2.3,5.9,13.2,NA,109,115,/players/t/terryda01.html
493,Daniel Theis,C,31,TOT,60,3,1015,7.6,14.2,0.532,1.3,3.5,0.366,6.3,10.8,0.586,1.8,2.4,0.76,4.1,7.7,11.9,3,1,2.5,2,6.2,18.3,NA,121,114,/players/t/theisda01.html
494,Cam Thomas,SG,22,BRK,66,51,2075,12.6,28.4,0.442,3.4,9.5,0.364,9.1,19,0.481,6.8,8,0.856,0.7,4.4,5.1,4.6,1.1,0.4,3,3.3,35.4,NA,110,119,/players/t/thomaca02.html
496,Amen Thompson,SF,21,HOU,62,23,1388,8.4,15.6,0.536,0.3,2,0.138,8.1,13.6,0.595,3.7,5.4,0.684,5.2,9.1,14.3,5.7,2.7,1.3,3.1,4.9,20.7,NA,118,109,/players/t/thompam01.html
497,Ausar Thompson,SF,21,DET,63,38,1583,7.1,14.6,0.483,0.6,3.4,0.186,6.4,11.2,0.575,2.2,3.6,0.597,3.9,8.3,12.2,3.6,2.1,1.8,2.6,5.3,16.9,NA,107,115,/players/t/thompau01.html
498,Klay Thompson,SF,33,GSW,77,63,2284,10.4,24,0.432,5.7,14.7,0.387,4.7,9.3,0.503,2.7,2.9,0.927,0.7,4.6,5.4,3.7,1.1,0.7,2.5,2.7,29.1,NA,113,118,/players/t/thompkl01.html
499,Tristan Thompson,C,32,CLE,49,0,549,6.6,10.8,0.608,0,0.1,0,6.6,10.7,0.613,1.3,4.7,0.288,6.6,9.1,15.7,4.6,1.1,1.3,2.6,5.3,14.5,NA,118,112,/players/t/thomptr01.html
500,JT Thor,PF,21,CHO,63,3,781,5.1,11.6,0.437,1.8,5.1,0.346,3.3,6.4,0.51,0.7,1.3,0.55,2.7,6.5,9.2,1.8,0.7,1.7,0.9,3.8,12.6,NA,110,121,/players/t/thorjt01.html
501,Matisse Thybulle,SF,26,POR,65,19,1487,4.2,10.5,0.397,2.7,7.7,0.346,1.5,2.9,0.535,0.7,1,0.759,1,3.5,4.5,3,3.8,1.6,1.3,3.1,11.8,NA,111,114,/players/t/thybuma01.html
502,Xavier Tillman Sr.,C-PF,25,TOT,54,15,974,6.1,14,0.434,1,4.1,0.247,5.1,10,0.51,1.1,2.5,0.44,3.5,7.1,10.6,3.9,2.6,2.2,1.7,3.8,14.3,NA,105,110,/players/t/tillmxa01.html
504,Obi Toppin,PF,25,IND,82,28,1730,9.1,15.8,0.573,2.8,6.9,0.403,6.3,8.9,0.706,2.1,2.7,0.77,2.3,6.4,8.7,3.5,1.3,1.2,1.9,3.9,23,NA,129,119,/players/t/toppiob01.html
506,Karl-Anthony Towns,PF,28,MIN,62,62,2026,11.7,23.2,0.504,3.3,8,0.416,8.4,15.2,0.55,6.2,7.1,0.873,2.3,10.3,12.6,4.6,1,1,4.3,5,32.9,NA,115,109,/players/t/townska01.html
507,Gary Trent Jr.,SG,25,TOR,71,41,1994,8.7,20.5,0.426,4.3,11,0.393,4.4,9.5,0.464,1.8,2.3,0.771,0.6,3.9,4.6,2.9,1.9,0.2,1.1,2.3,23.6,NA,110,121,/players/t/trentga02.html
509,P.J. Tucker,PF,38,TOT,31,10,486,1.8,5.1,0.36,1.3,3.6,0.371,0.5,1.5,0.333,0.3,0.3,1,2.8,5.8,8.6,1.6,1.6,0.7,0.8,5.5,5.3,NA,120,116,/players/t/tuckepj01.html
510,Myles Turner,C,27,IND,77,77,2076,10.8,20.7,0.524,2.6,7.4,0.358,8.2,13.3,0.615,5.6,7.2,0.773,2.6,9.5,12.1,2.3,0.9,3.3,2.5,5.3,29.8,NA,120,115,/players/t/turnemy01.html
512,Stanley Umude,SG,24,DET,24,2,307,5.8,13.2,0.44,3.8,8.3,0.453,2,4.9,0.419,4.5,5,0.906,1.3,6.7,8,1.7,1.3,1.1,2.2,6.3,19.9,NA,119,119,/players/u/umudest01.html
513,Jonas Valančiūnas,C,31,NOP,82,82,1925,10.2,18.3,0.559,0.9,3.1,0.308,9.3,15.3,0.609,4.1,5.2,0.785,4.7,13.6,18.4,4.4,0.8,1.7,2.8,5.6,25.5,NA,123,110,/players/v/valanjo01.html
514,Jarred Vanderbilt,PF,24,LAL,29,6,581,4.8,9.3,0.518,0.7,2.2,0.296,4.2,7.1,0.586,2,2.9,0.667,3.4,7.9,11.3,2.9,2.9,0.4,2.3,3.5,12.3,NA,113,112,/players/v/vandeja01.html
515,Fred VanVleet,PG,29,HOU,73,73,2684,7.6,18.4,0.416,4.1,10.6,0.387,3.5,7.8,0.454,3.6,4.1,0.86,0.6,4.4,5,10.6,1.8,1.1,2.3,3.3,22.9,NA,123,114,/players/v/vanvlfr01.html
516,Devin Vassell,SG,23,SAS,68,62,2248,10.5,22.3,0.472,3.5,9.4,0.372,7,12.9,0.544,3.4,4.2,0.801,0.6,4.9,5.5,5.8,1.5,0.5,2.3,1.6,27.9,NA,113,118,/players/v/vassede01.html
517,Sasha Vezenkov,PF,28,SAC,42,0,511,8,18.2,0.44,4.3,11.4,0.375,3.7,6.7,0.549,1.1,1.4,0.8,2.9,6.3,9.1,1.8,1.9,0.7,1.1,4,21.4,NA,117,115,/players/v/vezenal01.html
518,Gabe Vincent,PG,27,LAL,11,0,218,3.3,10.7,0.306,0.7,6.1,0.107,2.6,4.6,0.571,0.2,0.4,0.5,0.9,1.1,2,4.6,2,0,1.1,4.1,7.4,NA,86,119,/players/v/vincega01.html
519,Nikola Vučević,C,33,CHI,76,74,2610,11.2,23.1,0.484,1.8,6,0.294,9.4,17.2,0.55,2,2.5,0.822,4,11.3,15.3,4.9,1,1.1,2.3,3.6,26.2,NA,114,115,/players/v/vucevni01.html
520,Tristan Vukcevic,C,20,WAS,10,4,153,8.9,20.5,0.433,3.1,11,0.278,5.8,9.5,0.613,5.2,6.7,0.773,1.8,9.2,11,4,1.5,2.1,3.1,8.6,26,NA,106,116,/players/v/vukcetr01.html
521,Dean Wade,PF,27,CLE,54,32,1108,4.3,10.3,0.414,3.5,9,0.391,0.8,1.3,0.567,0.9,1.2,0.769,1.6,8.1,9.7,1.9,1.8,1.1,0.9,4.1,13,NA,121,111,/players/w/wadede01.html
522,Franz Wagner,SF,22,ORL,72,72,2337,11.2,23.2,0.482,2,7.1,0.281,9.2,16.1,0.57,5.7,6.8,0.85,1.5,6.5,8.1,5.7,1.6,0.6,2.9,3.6,30.1,NA,116,112,/players/w/wagnefr01.html
523,Moritz Wagner,C,26,ORL,80,1,1415,11.6,19.3,0.601,1.3,4,0.33,10.3,15.3,0.673,5.8,7.1,0.814,4.1,8,12.1,3.4,1.4,0.7,3.4,5.6,30.4,NA,126,112,/players/w/wagnemo01.html
525,Jabari Walker,SF,21,POR,72,23,1700,6.8,14.8,0.46,1.2,4,0.295,5.6,10.7,0.522,3.7,5,0.754,4.4,10.4,14.8,2.1,1.2,0.6,1.9,5,18.5,NA,115,116,/players/w/walkeja01.html
526,Jarace Walker,PF,20,IND,33,0,340,6.2,15.3,0.409,3.1,7.6,0.4,3.2,7.6,0.418,1.1,1.2,0.889,1.7,7.1,8.7,5.6,2.1,1.5,2.4,4,16.7,NA,109,116,/players/w/walkeja02.html
527,Lonnie Walker IV,SG,25,BRK,58,0,1011,10.2,24.1,0.423,5.1,13.3,0.384,5.1,10.8,0.471,2.2,2.9,0.763,0.6,5.6,6.2,3.6,1.6,1,2.5,3.5,27.7,NA,105,117,/players/w/walkelo01.html
528,Cason Wallace,SG,20,OKC,82,13,1692,6.2,12.6,0.491,2.8,6.6,0.419,3.4,5.9,0.572,0.8,1.1,0.784,1.5,3.8,5.3,3.4,2.2,1.1,1.3,3.7,15.9,NA,122,113,/players/w/wallaca01.html
531,P.J. Washington,PF,25,TOT,73,45,2221,7.8,17.8,0.436,2.9,9.1,0.32,4.9,8.7,0.558,2.2,3.2,0.683,1.9,7.2,9,3.1,1.6,1.3,2.1,3.7,20.6,NA,106,117,/players/w/washipj01.html
533,Yuta Watanabe,SF,29,TOT,34,0,464,4.3,12.2,0.353,2.6,8.9,0.294,1.7,3.3,0.516,1.1,1.8,0.588,1.2,4.5,5.7,1.6,1.3,0.7,2,4.1,12.3,NA,92,117,/players/w/watanyu01.html
534,Lindy Waters III,SG,26,OKC,38,0,280,8.4,17.9,0.471,6.4,14.6,0.435,2.1,3.3,0.632,0.3,0.3,1,1.2,5.7,6.9,4.1,0.9,1.2,1.2,3.9,23.5,NA,128,115,/players/w/waterli01.html
535,Trendon Watford,PF,23,BRK,63,2,856,9.5,18,0.527,1.6,3.9,0.397,7.9,14.1,0.564,4.5,5.6,0.794,3,8.2,11.2,4.7,1.3,1.1,3.6,6.1,25,NA,115,115,/players/w/watfotr01.html
536,Peyton Watson,SF,21,DEN,80,4,1488,6.9,14.9,0.465,1.5,5.1,0.296,5.4,9.8,0.553,2.4,3.5,0.67,1.9,6.7,8.6,2.9,1.4,2.9,1.9,4.8,17.7,NA,108,111,/players/w/watsope01.html
537,Victor Wembanyama,C,20,SAS,71,71,2106,12.4,26.7,0.465,2.9,8.9,0.325,9.5,17.9,0.534,6.6,8.3,0.796,3.6,13.4,17,6.2,2,5.7,5.9,3.4,34.3,NA,104,106,/players/w/wembavi01.html
538,Blake Wesley,SG,20,SAS,61,3,876,5.5,11.7,0.474,0.7,3,0.218,4.9,8.7,0.563,2.8,4.2,0.667,1,4.1,5.1,9,1.6,0.5,3,4.8,14.5,NA,110,118,/players/w/weslebl01.html
539,Russell Westbrook,PG,35,LAC,68,11,1529,9.7,21.4,0.454,1.4,5,0.273,8.4,16.4,0.509,3.6,5.2,0.688,3,8.1,11.1,9.9,2.4,0.7,4.6,3.9,24.3,NA,107,113,/players/w/westbru01.html
540,Coby White,PG,23,CHI,79,78,2881,9.4,20.9,0.447,3.6,9.6,0.376,5.7,11.3,0.508,3.8,4.5,0.838,0.8,5.4,6.2,7,0.9,0.3,2.9,3.2,26.1,NA,115,120,/players/w/whiteco01.html
541,Derrick White,SG,29,BOS,73,73,2381,8,17.4,0.461,4.1,10.3,0.396,4,7.1,0.555,2.8,3.2,0.901,1.1,5.4,6.4,7.8,1.5,1.8,2.3,3.2,23,NA,126,112,/players/w/whitede01.html
543,Cam Whitmore,SF,19,HOU,47,2,880,11.7,25.7,0.454,4.4,12.1,0.359,7.3,13.6,0.538,4.2,6.2,0.679,2.4,7.5,9.9,1.8,1.7,0.9,2.5,3.5,31.9,NA,109,113,/players/w/whitmca01.html
544,Aaron Wiggins,SG,25,OKC,78,4,1228,8.3,14.8,0.562,2.4,4.9,0.492,5.9,9.8,0.598,2.2,2.8,0.789,2.3,4.9,7.3,3.4,2.2,0.7,2.2,3.6,21.2,NA,125,113,/players/w/wiggiaa01.html
545,Andrew Wiggins,SF,28,GSW,71,59,1920,8.9,19.7,0.453,2.3,6.4,0.358,6.6,13.3,0.498,3.6,4.8,0.751,2.7,5.4,8.1,3,1.1,1,2.2,3.7,23.7,NA,112,117,/players/w/wiggian01.html
549,Grant Williams,PF,25,TOT,76,43,2130,6.3,13.8,0.456,2.9,7.7,0.375,3.4,6.1,0.558,2.4,3.2,0.757,2,5.3,7.2,4,1,0.9,2.5,5.2,17.9,NA,113,119,/players/w/willigr01.html
550,Jalen Williams,PF,22,OKC,71,71,2223,11.6,21.5,0.54,2.2,5.2,0.427,9.4,16.3,0.576,3.9,4.8,0.814,0.8,5.3,6.1,7,1.7,1,2.7,3.8,29.3,NA,122,114,/players/w/willija06.html
551,Jaylin Williams,C,21,OKC,69,1,897,5.1,12.2,0.417,2.8,7.7,0.368,2.3,4.5,0.5,1.8,2.2,0.805,1.9,10.6,12.5,5.9,1.5,1.4,1.8,5.3,14.8,NA,119,110,/players/w/willija07.html
553,Kenrich Williams,PF,29,OKC,69,1,1029,6.1,13.1,0.468,2.6,6.6,0.397,3.5,6.5,0.54,0.3,0.7,0.5,2.9,6.9,9.8,4.3,1.8,0.4,1.5,4.7,15.2,NA,120,113,/players/w/willike04.html
555,Mark Williams,C,22,CHO,19,19,508,9.5,14.7,0.649,0,0,NA,9.5,14.7,0.649,4.5,6.2,0.719,7.4,10.5,17.9,2.1,1.6,1.9,1.7,4.9,23.5,NA,138,116,/players/w/willima07.html
556,Patrick Williams,PF,22,CHI,43,30,1174,6.8,15.2,0.443,2.5,6.3,0.399,4.2,9,0.474,2.2,2.8,0.788,2,5.1,7,2.8,1.7,1.4,2.4,3.7,18.2,NA,107,117,/players/w/willipa01.html
558,Vince Williams Jr.,SG,23,MEM,52,33,1436,5.8,12.9,0.446,2.7,7.1,0.378,3.1,5.8,0.529,3.5,4.4,0.8,2,7.9,9.9,6,1.6,1.2,3.1,4.6,17.7,NA,114,114,/players/w/willivi01.html
559,Ziaire Williams,SF,22,MEM,51,15,1038,7.1,17.8,0.397,2.7,8.9,0.307,4.3,8.9,0.487,2.9,3.5,0.827,1.6,6.8,8.5,3.5,1.7,0.4,3.1,4,19.8,NA,98,115,/players/w/willizi02.html
560,Zion Williamson,PF,23,NOP,70,70,2207,13.9,24.3,0.57,0.1,0.4,0.333,13.7,23.9,0.574,7.7,11,0.702,2.7,6.3,9,7.8,1.7,1,4.3,3.5,35.6,NA,119,113,/players/w/willizi01.html
562,Jalen Wilson,PF,23,BRK,43,3,664,5.7,13.4,0.425,1.8,5.5,0.324,3.9,7.8,0.495,2.8,3.4,0.826,3.5,6.3,9.8,3.4,0.8,0.3,1.4,3.6,16,NA,118,119,/players/w/wilsoja03.html
564,James Wiseman,C,22,DET,63,6,1091,8.2,13.4,0.613,0,0.1,0,8.2,13.4,0.617,3.2,4.5,0.706,4.9,10,14.8,2.4,0.5,1.7,2.9,6.2,19.7,NA,119,118,/players/w/wisemja01.html
566,Christian Wood,PF,28,LAL,50,1,872,6.7,14.4,0.466,1.9,6.2,0.307,4.8,8.2,0.587,3.6,5.1,0.702,2.1,11.7,13.9,2.7,0.9,1.8,2.7,3.9,18.9,NA,107,113,/players/w/woodch01.html
567,Delon Wright,PG,31,TOT,47,1,742,4.8,12.1,0.394,1.6,4.4,0.368,3.2,7.7,0.408,2.4,2.9,0.822,1.2,4.3,5.6,7.7,3.5,0.7,0.9,2.1,13.6,NA,120,114,/players/w/wrighde01.html
568,Thaddeus Young,PF,35,TOT,33,6,439,7.2,11.9,0.602,0.1,0.8,0.143,7.1,11.1,0.634,0.7,1.7,0.4,5.1,6.3,11.4,6.3,2.5,0.6,1.7,5.4,15.1,NA,130,116,/players/y/youngth01.html
569,Trae Young,PG,25,ATL,54,54,1942,10.7,24.9,0.43,4.3,11.6,0.373,6.4,13.3,0.479,8.6,10.1,0.855,0.6,3.1,3.7,14.4,1.8,0.3,5.8,2.7,34.3,NA,117,122,/players/y/youngtr01.html
570,Omer Yurtseven,C,25,UTA,48,12,545,8.8,16.3,0.538,0.4,2.1,0.208,8.3,14.2,0.588,1.7,2.5,0.679,6.4,12,18.4,2.6,0.7,1.6,3.3,4.6,19.7,NA,112,118,/players/y/yurtsom01.html
571,Cody Zeller,C,31,NOP,43,0,320,4,9.5,0.419,0.2,0.5,0.333,3.8,9,0.424,3.5,5.8,0.605,7.4,9.8,17.2,6,1.4,0.8,2.5,6.9,11.6,NA,119,112,/players/z/zelleco01.html
572,Ivica Zubac,C,26,LAC,68,68,1794,9.3,14.3,0.649,0,0,NA,9.3,14.3,0.649,3.3,4.6,0.723,5.4,11.8,17.2,2.6,0.6,2.3,2.2,5,21.9,NA,132,113,/players/z/zubaciv01.html
